-- phpMyAdmin SQL Dump
-- version 4.4.15.10
-- https://www.phpmyadmin.net
--
-- Host: localhost
-- Generation Time: 2019-05-03 02:28:31
-- 服务器版本： 5.5.60-MariaDB
-- PHP Version: 5.4.16

SET SQL_MODE = "NO_AUTO_VALUE_ON_ZERO";
SET time_zone = "+00:00";


/*!40101 SET @OLD_CHARACTER_SET_CLIENT=@@CHARACTER_SET_CLIENT */;
/*!40101 SET @OLD_CHARACTER_SET_RESULTS=@@CHARACTER_SET_RESULTS */;
/*!40101 SET @OLD_COLLATION_CONNECTION=@@COLLATION_CONNECTION */;
/*!40101 SET NAMES utf8mb4 */;

--
-- Database: `xcx_task_flow`
--

DELIMITER $$
--
-- 存储过程
--
CREATE DEFINER=`root`@`localhost` PROCEDURE `update_tf_status`()
    NO SQL
BEGIN
 	DECLARE cnt INT DEFAULT 0;
    DECLARE i INT DEFAULT 0;
    DECLARE tf_id varchar(32);
    DECLARE eTime datetime;
    DECLARE now_time datetime; 
    DECLARE flag int;
    DECLARE IS_FOUND INTEGER DEFAULT 1;
	DECLARE cus CURSOR for SELECT id,end_time from task_flow where is_completed = 0;
    DECLARE CONTINUE HANDLER FOR NOT FOUND SET IS_FOUND=0;
	SELECT COUNT(*) into cnt from task_flow WHERE is_completed = 0; 
    
    open cus;
    FETCH cus into tf_id,eTime;
    WHILE i < cnt AND IS_FOUND DO
    	SELECT now() into now_time;
    	SELECT UNIX_TIMESTAMP(now_time) > UNIX_TIMESTAMP(eTime) into flag;
    	UPDATE task_flow 
    	set is_completed = 1
    	WHERE id = tf_id and flag = 1;
        
        set i = i + 1;
        FETCH cus into tf_id,eTime;
    END WHILE;
    CLOSE cus;  
END$$

CREATE DEFINER=`root`@`localhost` PROCEDURE `update_t_status`()
    NO SQL
BEGIN
	# 如果子任务到期了还没有确认已完成 那么就是逾期
 	DECLARE cnt INT DEFAULT 0;
    DECLARE i INT DEFAULT 0;
    DECLARE t_id varchar(32);
    DECLARE eTime datetime;
    DECLARE now_time datetime; 
    DECLARE flag int;
    DECLARE IS_FOUND INTEGER DEFAULT 1;
	DECLARE cus CURSOR for SELECT id,end_time from task where is_completed = 0;
    DECLARE CONTINUE HANDLER FOR NOT FOUND SET IS_FOUND=0;
	SELECT COUNT(*) into cnt from task WHERE is_completed = 0; 
    
    open cus;
    FETCH cus into t_id,eTime;
    WHILE i < cnt AND IS_FOUND DO
    	SELECT now() into now_time;
    	SELECT UNIX_TIMESTAMP(now_time) > UNIX_TIMESTAMP(eTime) into flag;
    	UPDATE task 
    	set is_completed = 2 #任务逾期
    	WHERE id = t_id and flag = 1;
        
        set i = i + 1;
        FETCH cus into t_id,eTime;
    END WHILE;
    CLOSE cus;  
END$$

DELIMITER ;

-- --------------------------------------------------------

--
-- 表的结构 `category`
--

CREATE TABLE IF NOT EXISTS `category` (
  `id` varchar(32) NOT NULL,
  `name` varchar(16) DEFAULT NULL,
  `u_id` varchar(32) DEFAULT NULL COMMENT '谁创建的分类',
  `tf_id` varchar(32) DEFAULT NULL COMMENT '哪个任务流属于这个分类'
) ENGINE=InnoDB DEFAULT CHARSET=utf8;

-- --------------------------------------------------------

--
-- 表的结构 `comment`
--

CREATE TABLE IF NOT EXISTS `comment` (
  `id` varchar(32) NOT NULL,
  `comment_type` tinyint(4) DEFAULT '0',
  `content` text,
  `create_time` datetime DEFAULT NULL,
  `u_id` varchar(32) DEFAULT NULL,
  `t_id` varchar(32) DEFAULT NULL
) ENGINE=InnoDB DEFAULT CHARSET=utf8 ROW_FORMAT=COMPACT;

--
-- 转存表中的数据 `comment`
--

INSERT INTO `comment` (`id`, `comment_type`, `content`, `create_time`, `u_id`, `t_id`) VALUES
('0d5a6370a9b771bb5c71be7077dc35d5', 0, '干嘛→_→', '2019-04-06 21:25:17', '102f7ef87a534c5289e326a31a5d153b', '24ec2a6741be18877618a857c9b560f9'),
('0e4af5405805c24a1c72bd6402278e47', 0, '干嘛', '2019-04-06 21:25:13', '102f7ef87a534c5289e326a31a5d153b', '24ec2a6741be18877618a857c9b560f9'),
('13a96c8a5114147c71bcc47862482c12', 0, 'helloNULL', '2019-04-07 09:34:03', '102f7ef87a534c5289e326a31a5d153b', '472f62b143a783a2f195af17b4c56750'),
('1408e40444842ab5b2432e8809a23057', 0, '来吧', '2019-04-07 11:50:00', '102f7ef87a534c5289e326a31a5d153b', '4c9371b0068dc0024204ada77d511097'),
('1d5339fdebc9f2152d01407f5c5f462c', 0, '不见雨夜', '2019-04-07 20:03:00', '102f7ef87a534c5289e326a31a5d153b', 'b94535231d9e4cc08eb2e524d2c33905'),
('1ea2d53b329851bb423caf3bc733f8a2', 0, '啦啦啦', '2019-04-06 21:25:09', '102f7ef87a534c5289e326a31a5d153b', '24ec2a6741be18877618a857c9b560f9'),
('1edc8be0109159b71245aba68eda2289', 0, '有人吗？', '2019-04-07 18:43:00', '102f7ef87a534c5289e326a31a5d153b', 'b1f3f47d619a7549e746dbae23d8de0a'),
('2cc90f781b2e63ea0dde29aa84f40932', 0, '评论一下', '2019-04-07 20:02:00', '102f7ef87a534c5289e326a31a5d153b', 'b94535231d9e4cc08eb2e524d2c33905'),
('38df7998e4255a4858fc8d60c211c18b', 0, '巴巴爸爸巴巴爸爸巴巴爸爸啊啊啊啊啊啊啊啊啊啊啊啊啊啊啊啊啊啊啊啊啊爸爸巴巴爸爸啊啊啊啊啊', '2019-04-06 21:36:04', '0a4206159794a591b4f03f460306d3ec', '3191197f46dc609d1ec25f363d6a705b'),
('50d913d5b58c4abb91e0905940c332ed', 0, '评论qww', '2019-04-07 21:46:00', 'ea5d0ae3645a6890c79a93c64ceab867', '7b07aa3734246f51cc7256028945036b'),
('5557552b2ba82f81b95a77bf90f8b18b', 0, '就啊啊', '2019-04-06 21:35:08', '102f7ef87a534c5289e326a31a5d153b', '3191197f46dc609d1ec25f363d6a705b'),
('6253ef070f61e99e74dd2603bb0a9240', 0, '来了老弟', '2019-04-06 22:44:10', '102f7ef87a534c5289e326a31a5d153b', '688333b5686fad1f2bfeb2874c3ea101'),
('718aee151acd761e947ab93020c9edc9', 0, '嗯嗯', '2019-04-08 18:55:00', '102f7ef87a534c5289e326a31a5d153b', '330e9d543a261973dfa957a8ba9eba59'),
('75b7655339608ed1ead4a94f46379a39', 0, '干嘛', '2019-04-29 20:04:00', '102f7ef87a534c5289e326a31a5d153b', '432dd2992a24a3b2af7b2f8d204a6344'),
('773bf84545e3c5c72747002258a0fd99', 0, '来啊', '2019-04-06 22:41:39', '102f7ef87a534c5289e326a31a5d153b', '6bb7d055a319af59cc273f825a8fc39c'),
('7928ae924c1b7a349eb183578c9513fb', 0, '好', '2019-04-06 22:55:43', '102f7ef87a534c5289e326a31a5d153b', 'd6939972418bed4aa40630396c2dea5d'),
('9d3fa38bda1fb0abcefb83239fbd3d22', 0, '是啊', '2019-04-06 21:35:02', '0a4206159794a591b4f03f460306d3ec', '3191197f46dc609d1ec25f363d6a705b'),
('a256fd16c390f4dbb1485f1302b1673a', 0, '好快活', '2019-04-06 21:34:59', '0a4206159794a591b4f03f460306d3ec', '3191197f46dc609d1ec25f363d6a705b'),
('b93aad5264e8f37dd59af4912b62d40e', 0, '不晓得啊', '2019-04-29 20:04:00', '102f7ef87a534c5289e326a31a5d153b', '432dd2992a24a3b2af7b2f8d204a6344'),
('beeb9988e689c85bab424131ba26b99f', 0, '来啊 快活啊', '2019-04-06 21:34:42', '102f7ef87a534c5289e326a31a5d153b', '3191197f46dc609d1ec25f363d6a705b'),
('c5a429f96a3a098bd2195652e5cc6fa5', 0, '快活啊', '2019-04-06 22:41:45', '102f7ef87a534c5289e326a31a5d153b', '6bb7d055a319af59cc273f825a8fc39c'),
('d8d862afe35d2154dc43d2d685de44b8', 0, 'a', '2019-04-07 12:23:00', '102f7ef87a534c5289e326a31a5d153b', '472f62b143a783a2f195af17b4c56750'),
('de310d10ae99d94e397e9ac4ff5a7774', 0, '开开开', '2019-04-26 16:02:00', '102f7ef87a534c5289e326a31a5d153b', 'f026d8ffddd27cec8dcf41fc1cda219c');

-- --------------------------------------------------------

--
-- 表的结构 `image`
--

CREATE TABLE IF NOT EXISTS `image` (
  `id` varchar(32) NOT NULL,
  `t_id` varchar(32) DEFAULT NULL,
  `u_id` varchar(32) DEFAULT NULL,
  `url` text
) ENGINE=InnoDB DEFAULT CHARSET=utf8 ROW_FORMAT=COMPACT;

--
-- 转存表中的数据 `image`
--

INSERT INTO `image` (`id`, `t_id`, `u_id`, `url`) VALUES
('1lWkExZtdFciOzp', '432dd2992a24a3b2af7b2f8d204a6344', '102f7ef87a534c5289e326a31a5d153b', 'https://i.loli.net/2019/04/27/5cc4528118f08.jpg'),
('3yrujLZSlIo8CQ6', '22cb34236f637648e08c0058869b3239', '102f7ef87a534c5289e326a31a5d153b', 'https://i.loli.net/2019/04/27/5cc44f6619773.jpg'),
('6r7poAjBcnIHMYx', '4268d8a6a9727c83cfe811783a3cc0c3', '102f7ef87a534c5289e326a31a5d153b', 'https://i.loli.net/2019/04/29/5cc66525076e2.jpg'),
('7zob4k3UWt2vpPs', 'f026d8ffddd27cec8dcf41fc1cda219c', '102f7ef87a534c5289e326a31a5d153b', 'https://i.loli.net/2019/04/27/5cc42116d3802.jpg'),
('aLVR36BFsPj8fcC', '7a7c4baa9770523db3f724aafb647ac5', '102f7ef87a534c5289e326a31a5d153b', 'https://i.loli.net/2019/05/02/5cca56dee8539.jpg'),
('BAqfQVm47NczeTn', '693845eb673390dc31e30e3b4e6f7c1c', '102f7ef87a534c5289e326a31a5d153b', 'https://i.loli.net/2019/04/27/5cc420a19a291.jpg'),
('Bb8Aqpn4wiazMgo', '693845eb673390dc31e30e3b4e6f7c1c', '102f7ef87a534c5289e326a31a5d153b', 'https://i.loli.net/2019/04/30/5cc79f40c6758.jpg'),
('bGAsE84tm7LYoew', '22cb34236f637648e08c0058869b3239', '102f7ef87a534c5289e326a31a5d153b', 'https://i.loli.net/2019/04/27/5cc451ed4170a.jpg'),
('bZNvIgdmqVJU5c7', '3e996e2d01019f37152afe9107786bdc', '102f7ef87a534c5289e326a31a5d153b', 'https://i.loli.net/2019/04/27/5cc42443818d0.jpg'),
('ckvKOg6y9jd1DAZ', '693845eb673390dc31e30e3b4e6f7c1c', '102f7ef87a534c5289e326a31a5d153b', 'https://i.loli.net/2019/04/27/5cc41ec0b87c5.jpg'),
('e91AaCTrwcDP7bi', '22cb34236f637648e08c0058869b3239', '102f7ef87a534c5289e326a31a5d153b', 'https://i.loli.net/2019/04/27/5cc4506abed69.jpg'),
('eE8OVcDgqxuTZYW', '693845eb673390dc31e30e3b4e6f7c1c', '102f7ef87a534c5289e326a31a5d153b', 'https://i.loli.net/2019/04/27/5cc41a45893b6.jpg'),
('EeA3yJfqi6pjuZB', '693845eb673390dc31e30e3b4e6f7c1c', '102f7ef87a534c5289e326a31a5d153b', 'https://i.loli.net/2019/04/27/5cc3ef583c930.jpg'),
('GuFvIbYm1H49Vzp', '22cb34236f637648e08c0058869b3239', '102f7ef87a534c5289e326a31a5d153b', 'https://i.loli.net/2019/04/27/5cc4500556475.jpg'),
('iJO3c5fFIPxRTjk', '693845eb673390dc31e30e3b4e6f7c1c', '102f7ef87a534c5289e326a31a5d153b', 'https://i.loli.net/2019/04/27/5cc3ef57ae5e3.jpg'),
('IPzuXiYpoMkr9Hn', 'f026d8ffddd27cec8dcf41fc1cda219c', '102f7ef87a534c5289e326a31a5d153b', 'https://i.loli.net/2019/04/27/5cc421159cd43.jpg'),
('kNyhpI1Mn7u8tsS', '432dd2992a24a3b2af7b2f8d204a6344', '102f7ef87a534c5289e326a31a5d153b', 'https://i.loli.net/2019/04/27/5cc452bfe8237.jpg'),
('Lc8IR47UX15CumQ', 'f026d8ffddd27cec8dcf41fc1cda219c', '102f7ef87a534c5289e326a31a5d153b', 'https://i.loli.net/2019/04/27/5cc42114c6254.jpg'),
('n1wRDvHgIKmbTZC', '22cb34236f637648e08c0058869b3239', '102f7ef87a534c5289e326a31a5d153b', 'https://i.loli.net/2019/04/27/5cc451418ef7a.jpg'),
('oBmsJCNuLIFinxY', '693845eb673390dc31e30e3b4e6f7c1c', '102f7ef87a534c5289e326a31a5d153b', 'https://i.loli.net/2019/04/27/5cc42067a708f.jpg'),
('OIYwiJuhUGLgFxz', 'c59f790239fd37c052751dfefc8ac309', '102f7ef87a534c5289e326a31a5d153b', 'https://i.loli.net/2019/04/29/5cc6639f34f1b.jpg'),
('OtErD9hd2iJeUXs', '432dd2992a24a3b2af7b2f8d204a6344', '102f7ef87a534c5289e326a31a5d153b', 'https://i.loli.net/2019/04/27/5cc4532f55834.jpg'),
('QFpDtadrZBVqJR5', '693845eb673390dc31e30e3b4e6f7c1c', '102f7ef87a534c5289e326a31a5d153b', 'https://i.loli.net/2019/04/30/5cc79f3fa40e6.jpg'),
('qKrynJ7DZBeOVEf', '693845eb673390dc31e30e3b4e6f7c1c', '102f7ef87a534c5289e326a31a5d153b', 'https://i.loli.net/2019/04/27/5cc3eb44c1900.jpg'),
('QqrYXlG4kEmuoS9', '693845eb673390dc31e30e3b4e6f7c1c', '102f7ef87a534c5289e326a31a5d153b', 'https://i.loli.net/2019/04/27/5cc420b9a4951.jpg'),
('RZWUS1EJDwrMovN', '432dd2992a24a3b2af7b2f8d204a6344', '102f7ef87a534c5289e326a31a5d153b', 'https://i.loli.net/2019/04/27/5cc45386e33a3.jpg'),
('SodAXVnpwg8ODYz', 'cee03ee9987febffe60e667c063b0ee7', '102f7ef87a534c5289e326a31a5d153b', 'https://i.loli.net/2019/04/28/5cc5291d06c70.jpg'),
('Szs7ctW1bn8NVpw', '693845eb673390dc31e30e3b4e6f7c1c', '102f7ef87a534c5289e326a31a5d153b', 'https://i.loli.net/2019/04/27/5cc41f12c7a5c.jpg'),
('uCiI8MF1LRrT9dk', '693845eb673390dc31e30e3b4e6f7c1c', '102f7ef87a534c5289e326a31a5d153b', 'https://i.loli.net/2019/04/30/5cc79f40ebfbc.jpg'),
('URJqr5SXDAhndMW', 'f026d8ffddd27cec8dcf41fc1cda219c', '102f7ef87a534c5289e326a31a5d153b', 'https://i.loli.net/2019/04/27/5cc44ae093bbf.jpg'),
('wAWyTdOKjoe1SfE', '693845eb673390dc31e30e3b4e6f7c1c', '102f7ef87a534c5289e326a31a5d153b', 'https://i.loli.net/2019/04/27/5cc3ef5598627.jpg'),
('wsM75rdyp2EIRhi', '22cb34236f637648e08c0058869b3239', '102f7ef87a534c5289e326a31a5d153b', 'https://i.loli.net/2019/04/27/5cc44f65f2125.jpg'),
('yZ3nwCh7gUdeGpT', '43306607c52838df5706ac8f7b05322d', 'ea5d0ae3645a6890c79a93c64ceab867', 'https://i.loli.net/2019/05/02/5ccb09f4bb9b2.jpg'),
('Z5gLSPWJowTpQXl', '22cb34236f637648e08c0058869b3239', '102f7ef87a534c5289e326a31a5d153b', 'https://i.loli.net/2019/04/27/5cc44f66132eb.jpg');

-- --------------------------------------------------------

--
-- 表的结构 `message`
--

CREATE TABLE IF NOT EXISTS `message` (
  `id` varchar(32) NOT NULL,
  `content` text,
  `create_time` datetime DEFAULT NULL,
  `is_read` tinyint(4) DEFAULT NULL,
  `to_user_id` varchar(32) DEFAULT NULL,
  `tf_id` varchar(32) DEFAULT NULL,
  `t_id` varchar(32) DEFAULT NULL
) ENGINE=InnoDB DEFAULT CHARSET=utf8;

--
-- 转存表中的数据 `message`
--

INSERT INTO `message` (`id`, `content`, `create_time`, `is_read`, `to_user_id`, `tf_id`, `t_id`) VALUES
('0620c65476fc4611c722bcfb5d39b4b5', '你有一个新的任务需要完成:那', '2019-04-26 12:05:25', 1, '0a4206159794a591b4f03f460306d3ec', '0e7677216ebe4d3573b6578d86c6be41', '0f6d33f3a44437426a7376459d4f9808'),
('07bc1df204dfa649c0bfa4dbad95c87b', '你有一个新的任务需要完成:好玩的', '2019-04-23 10:51:02', 1, '0a4206159794a591b4f03f460306d3ec', '30c5b6e0dfbe31045d0087e3bbedaf21', 'ec704b457a57c4f2375314f0a9323c78'),
('0a431d5b115f480f7ebe2fce8cdf5c06', '你有一个新的任务需要完成:佛魔', '2019-04-17 09:26:51', 1, '102f7ef87a534c5289e326a31a5d153b', 'e69da88873427fbf771d675cdb47d107', 'ffd5bfb3901bfdfa70c907b4f919eb34'),
('0a944558a1e64a7466b84026402dfde9', '您创建了任务流董', '2019-04-23 10:28:43', 1, '102f7ef87a534c5289e326a31a5d153b', '93729e5ac3afa02281c558f4c77dd54d', NULL),
('0ac06aec250e6ed483b2e022b887e6ef', '任务流:5y6 已经被更改,新的任务流名: 5y6', '2019-04-26 12:56:42', 1, '102f7ef87a534c5289e326a31a5d153b', 'af4321d32c944a620733b1eb7edfd9a2', NULL),
('0ba40344de80d5874ada8543e9e86d5e', '您创建了任务流测试上传图片的任务流', '2019-04-27 21:10:21', 0, '0a4206159794a591b4f03f460306d3ec', 'a2efb797bbb590c5cc2d029b67a83e24', NULL),
('0cc5e8b8ae7f3c1d566d3e142285ec0a', '你有一个新的任务需要完成:那', '2019-04-26 12:05:25', 1, '102f7ef87a534c5289e326a31a5d153b', '0e7677216ebe4d3573b6578d86c6be41', '0f6d33f3a44437426a7376459d4f9808'),
('11193658f5f2eba9951581dd4101566f', '你有一个新的任务需要完成:图', '2019-05-02 13:59:13', 1, '102f7ef87a534c5289e326a31a5d153b', '0f27214be710a89d9bd61e0f5909dffe', '968d961d730efe0fc3df13d7e8271062'),
('1716d5456f1005e1e8340109b95c3224', '您创建了任务流测试pop', '2019-04-23 10:45:50', 1, '102f7ef87a534c5289e326a31a5d153b', '0f27214be710a89d9bd61e0f5909dffe', NULL),
('18d2969c175edf6beae15d459ce4a7d4', '你有一个新的任务需要完成:抠门', '2019-04-27 21:00:25', 1, '102f7ef87a534c5289e326a31a5d153b', '0f27214be710a89d9bd61e0f5909dffe', '432dd2992a24a3b2af7b2f8d204a6344'),
('19cd4eb3b700a8219e97f12ee9f73f42', '您创建了任务流好吧那就', '2019-04-20 16:35:29', 1, '102f7ef87a534c5289e326a31a5d153b', 'de634af9c1d2ed244bc6617302a77f78', NULL),
('1bc8b2576091ada3a3c8316e33a8f1cc', '任务流:测试pop 已经被更改,新的任务流名: 测试pop', '2019-05-02 11:09:46', 1, '102f7ef87a534c5289e326a31a5d153b', '0f27214be710a89d9bd61e0f5909dffe', NULL),
('1bf5c1fd5abc1c1b6954fc9bc3346fbe', '子任务:了 已完成', '2019-05-02 13:46:38', 1, '102f7ef87a534c5289e326a31a5d153b', '0f27214be710a89d9bd61e0f5909dffe', '2aaa3ea886e3b6bb79626459991332ab'),
('1da8a2ed05176871e5fa17df70c9866f', '你有一个新的任务需要完成:秃驴', '2019-04-26 12:00:48', 1, '102f7ef87a534c5289e326a31a5d153b', '0e7677216ebe4d3573b6578d86c6be41', 'c59f790239fd37c052751dfefc8ac309'),
('1f53bf3028e8c56609dfe2b152c9520b', '任务流:嗯啊 已经被更改,新的任务流名: 董霖', '2019-04-17 09:34:35', 1, '102f7ef87a534c5289e326a31a5d153b', 'e69da88873427fbf771d675cdb47d107', NULL),
('25b8eb0862f9600bdc930b1761ca8a50', '任务流:辣鸡 已经被更改,新的任务流名: 噗', '2019-04-26 16:20:05', 1, '102f7ef87a534c5289e326a31a5d153b', '3709feb97de000b1454e77471a9b9062', NULL),
('26eff248546d5b71a2aaf77b6204f2c4', '您创建了任务流噗', '2019-04-22 10:27:35', 1, '102f7ef87a534c5289e326a31a5d153b', 'e3fab5096e6a9932b944763cc7d41321', NULL),
('2a5df3ccb2dde6b6c3dad1014052c52c', '您创建了任务流董小姐', '2019-04-20 21:33:12', 1, '102f7ef87a534c5289e326a31a5d153b', '2885f66a9af58a56b25e4fa5bf06ce93', NULL),
('3772e30f18530b6af78f2cafd340ebc7', '您创建了任务流ger', '2019-04-26 12:42:42', 1, '102f7ef87a534c5289e326a31a5d153b', '31f4ecd1319e33ab44eafd8ba9ed2c5a', NULL),
('480850b1a336c68d2cdfef0ddc60be71', '你有一个新的任务需要完成:了', '2019-05-02 13:45:59', 1, '102f7ef87a534c5289e326a31a5d153b', '0f27214be710a89d9bd61e0f5909dffe', '2aaa3ea886e3b6bb79626459991332ab'),
('489ecb20a16a0874b93ad2f9c7b9bc4c', '你有一个新的任务需要完成:喵嘿嘿', '2019-04-26 16:04:31', 1, '102f7ef87a534c5289e326a31a5d153b', '10ae76a89630e6a5e598c9f2151c0a2c', '693845eb673390dc31e30e3b4e6f7c1c'),
('490df816f559e7e47d66e2ec177e19d2', '你有一个新的任务需要完成:她', '2019-04-23 11:01:00', 1, '102f7ef87a534c5289e326a31a5d153b', '30c5b6e0dfbe31045d0087e3bbedaf21', '3e996e2d01019f37152afe9107786bdc'),
('4dc1cc1251ffe42b6e91fb5e4f6ec3c4', '子任务:啦 已完成', '2019-05-02 14:09:57', 1, '102f7ef87a534c5289e326a31a5d153b', '0f27214be710a89d9bd61e0f5909dffe', '0484d21ee243089e2ba130a81a69d5e5'),
('4e98dc66665cb831b1bd684a2117f8aa', '你有一个新的任务需要完成:时候会', '2019-04-27 21:13:20', 0, '0a4206159794a591b4f03f460306d3ec', 'a2efb797bbb590c5cc2d029b67a83e24', 'cee03ee9987febffe60e667c063b0ee7'),
('5044f879357c6f683b5ae190e67de3b6', '你有一个新的任务需要完成:啦', '2019-05-02 14:09:41', 1, '102f7ef87a534c5289e326a31a5d153b', '0f27214be710a89d9bd61e0f5909dffe', '0484d21ee243089e2ba130a81a69d5e5'),
('5a737ab6d49e2f25dc61b1f5cc263493', '任务流:测试pop 已经被更改,新的任务流名: 测试pop', '2019-05-02 10:49:40', 1, '102f7ef87a534c5289e326a31a5d153b', '0f27214be710a89d9bd61e0f5909dffe', NULL),
('67415c96ac98b2567a48f1a7f51864d2', '您新加入了任务流:嗯的吧', '2019-04-22 10:31:59', 1, '0a4206159794a591b4f03f460306d3ec', '2cc4fe13f86efa71327063b6f4c9a4a6', NULL),
('76a9c38f8fbca656e8fb7760a52831ed', '你有一个新的任务需要完成:测试完成任务的', '2019-05-02 12:41:17', 1, '102f7ef87a534c5289e326a31a5d153b', '0f27214be710a89d9bd61e0f5909dffe', 'e4420f1f23ca5acfe5853d8edc205a82'),
('76ec293a99e82bd8637fd5e491769594', '您创建了任务流wqfwefe', '2019-04-20 21:20:35', 1, '102f7ef87a534c5289e326a31a5d153b', 'c1ca7fcca90c35334d8adabb44569401', NULL),
('784926416b60a93f1ac3e981cdb64430', '您新加入了任务流:测试上传图片的任务流', '2019-04-27 21:12:24', 1, '102f7ef87a534c5289e326a31a5d153b', 'a2efb797bbb590c5cc2d029b67a83e24', NULL),
('7b8d56792cc91679839b99b19020959f', '你有一个新的任务需要完成:子任务来了', '2019-04-26 11:55:31', 1, '102f7ef87a534c5289e326a31a5d153b', '0e7677216ebe4d3573b6578d86c6be41', '633885d272aab4942cf64353a96ec342'),
('7ca54e5f02dac58daf7a383fa0dd4035', '子任务:啊 已完成', '2019-05-02 13:50:29', 1, '102f7ef87a534c5289e326a31a5d153b', '0f27214be710a89d9bd61e0f5909dffe', '146b33b1262b09c494e079098030c847'),
('83c04e7aa5e038726711df5d949479c9', '您创建了任务流嗯的吧', '2019-04-22 10:23:43', 1, '102f7ef87a534c5289e326a31a5d153b', '2cc4fe13f86efa71327063b6f4c9a4a6', NULL),
('8423fc445abd3e6516d67cc1fa8c5ec4', '任务流:测试pop 已经被更改,新的任务流名: 测试pop', '2019-05-02 10:50:02', 1, '102f7ef87a534c5289e326a31a5d153b', '0f27214be710a89d9bd61e0f5909dffe', NULL),
('897f382ef9f0e7e537afb829edcc5214', '您新加入了任务流:嗯的吧', '2019-04-22 10:31:34', 1, '102f7ef87a534c5289e326a31a5d153b', '2cc4fe13f86efa71327063b6f4c9a4a6', NULL),
('8a8edb8640bcd98199f8c4de8ed44b9b', '您创建了任务流吧', '2019-04-27 21:14:00', 0, '0a4206159794a591b4f03f460306d3ec', 'e0d6c6d6b263be6292a0100bd34895f9', NULL),
('8d389509333dac5058b0b68b88784c1a', '子任务:测试完成任务的 已完成', '2019-05-02 12:42:18', 1, '102f7ef87a534c5289e326a31a5d153b', '0f27214be710a89d9bd61e0f5909dffe', 'e4420f1f23ca5acfe5853d8edc205a82'),
('90d4ee6d841403ffab5e19d6281e4193', '你有一个新的任务需要完成:啊', '2019-05-02 13:50:11', 1, '102f7ef87a534c5289e326a31a5d153b', '0f27214be710a89d9bd61e0f5909dffe', '146b33b1262b09c494e079098030c847'),
('941da444717df52e540e5fc3d93b4f60', '你有一个新的任务需要完成:子任务来了', '2019-04-26 11:55:31', 1, '0a4206159794a591b4f03f460306d3ec', '0e7677216ebe4d3573b6578d86c6be41', '633885d272aab4942cf64353a96ec342'),
('976e06cf597692b753ad3548bbba1511', '你有一个新的任务需要完成:好玩的', '2019-04-23 10:51:02', 1, '102f7ef87a534c5289e326a31a5d153b', '30c5b6e0dfbe31045d0087e3bbedaf21', 'ec704b457a57c4f2375314f0a9323c78'),
('9878acf0cc1e1b8f96bdf38cc2144af8', '你有一个新的任务需要完成:可恶', '2019-05-02 10:46:19', 1, '102f7ef87a534c5289e326a31a5d153b', '0f27214be710a89d9bd61e0f5909dffe', '4554e5ef75c02abf816cb1059ae7d611'),
('9c7fc383fc151432185b299d997fdce2', '你有一个新的任务需要完成:喵嘿嘿', '2019-04-26 16:04:31', 1, 'ea5d0ae3645a6890c79a93c64ceab867', '10ae76a89630e6a5e598c9f2151c0a2c', '693845eb673390dc31e30e3b4e6f7c1c'),
('9db7e51c153d2bd141259d6f0c244774', '您创建了任务流5y6', '2019-04-26 12:55:57', 1, '102f7ef87a534c5289e326a31a5d153b', 'af4321d32c944a620733b1eb7edfd9a2', NULL),
('9dfd6b4ec1ba5355aecbc0b4bd9b5721', '任务流:测试pop 已经被更改,新的任务流名: 测试pop', '2019-04-29 10:48:31', 1, '102f7ef87a534c5289e326a31a5d153b', '0f27214be710a89d9bd61e0f5909dffe', NULL),
('9fea0315e34ddae2f15ad5de51db7657', '您创建了任务流干嘛', '2019-04-23 10:42:43', 1, '102f7ef87a534c5289e326a31a5d153b', '21ffb01620244dffa689555ea417a8ef', NULL),
('a04087cc7445615d3f9e94b070dd6c86', '你有一个新的任务需要完成:时候会', '2019-04-27 21:13:20', 1, '102f7ef87a534c5289e326a31a5d153b', 'a2efb797bbb590c5cc2d029b67a83e24', 'cee03ee9987febffe60e667c063b0ee7'),
('a111588bec7d392202ff00bf7be7b15c', '子任务:图 已完成', '2019-05-02 13:59:35', 1, '102f7ef87a534c5289e326a31a5d153b', '0f27214be710a89d9bd61e0f5909dffe', '968d961d730efe0fc3df13d7e8271062'),
('a167a04046444c641ecf6d9120e16271', '你有一个新的任务需要完成:啦', '2019-05-02 13:54:12', 1, '102f7ef87a534c5289e326a31a5d153b', '0f27214be710a89d9bd61e0f5909dffe', '79c6d4b73f8cc2bf97ab29363e64c46f'),
('a1fea86805a470d3abb306b51924455f', '您创建了任务流啦吧', '2019-04-23 10:48:59', 1, '0a4206159794a591b4f03f460306d3ec', '30c5b6e0dfbe31045d0087e3bbedaf21', NULL),
('a37188c199e936417397180986dac7e1', '任务流:5y6 已经被更改,新的任务流名: 5y6', '2019-04-26 12:56:29', 1, '102f7ef87a534c5289e326a31a5d153b', 'af4321d32c944a620733b1eb7edfd9a2', NULL),
('a50a76c2ce7d9bd02e7ffd6abf7d3db5', '你有一个新的任务需要完成:喵呜呜呜', '2019-04-26 15:57:26', 1, 'ea5d0ae3645a6890c79a93c64ceab867', '10ae76a89630e6a5e598c9f2151c0a2c', 'f026d8ffddd27cec8dcf41fc1cda219c'),
('a66e8fb60a9587d85c7ec3e2b7f37be6', '您创建了任务流啊啊啊新测试', '2019-04-26 15:56:39', 1, 'ea5d0ae3645a6890c79a93c64ceab867', '10ae76a89630e6a5e598c9f2151c0a2c', NULL),
('a66f2ba9abe025d48f9d896ed804b4eb', '任务流:5y6 已经被更改,新的任务流名: 5y6', '2019-04-26 12:56:19', 1, '102f7ef87a534c5289e326a31a5d153b', 'af4321d32c944a620733b1eb7edfd9a2', NULL),
('a8cb5d0a80de6745a846c9e5c8c241d0', '您创建了任务流辣鸡', '2019-04-26 15:45:29', 1, '102f7ef87a534c5289e326a31a5d153b', '3709feb97de000b1454e77471a9b9062', NULL),
('aed550b52c649e6e5dc4064511a133b4', '您新加入了任务流:啦吧', '2019-04-23 10:50:01', 1, '102f7ef87a534c5289e326a31a5d153b', '30c5b6e0dfbe31045d0087e3bbedaf21', NULL),
('b4049227362f353a49f3a02cb9bf1a0d', '任务流:测试pop 已经被更改,新的任务流名: 测试pop', '2019-05-02 10:54:05', 1, '102f7ef87a534c5289e326a31a5d153b', '0f27214be710a89d9bd61e0f5909dffe', NULL),
('b52837f7affb8628e552a243588869fd', '任务流:测试pop 已经被更改,新的任务流名: 测试pop', '2019-04-27 17:42:19', 1, '102f7ef87a534c5289e326a31a5d153b', '0f27214be710a89d9bd61e0f5909dffe', NULL),
('c161ed3e4937feac0cfabab1320d43cb', '你有一个新的任务需要完成:东', '2019-04-28 14:08:04', 1, '102f7ef87a534c5289e326a31a5d153b', '0f27214be710a89d9bd61e0f5909dffe', '4268d8a6a9727c83cfe811783a3cc0c3'),
('c45be7ec7bdc50a03c34f78942382d2a', '子任务:啦 已完成', '2019-05-02 13:54:39', 1, '102f7ef87a534c5289e326a31a5d153b', '0f27214be710a89d9bd61e0f5909dffe', '79c6d4b73f8cc2bf97ab29363e64c46f'),
('c5f29b35537de0eeb553e0c91ffb5006', '子任务:啦 已完成', '2019-05-02 14:09:57', 1, '102f7ef87a534c5289e326a31a5d153b', '0f27214be710a89d9bd61e0f5909dffe', '0484d21ee243089e2ba130a81a69d5e5'),
('ce107e5d38b0e88c1f1137f93071f71c', '您创建了任务流干嘛', '2019-04-22 10:21:12', 1, '102f7ef87a534c5289e326a31a5d153b', '2d334e34908e3e1999639d5ae0715dca', NULL),
('d10a875fb799d2ad68b8e3f988d3600b', '你有一个新的任务需要完成:她', '2019-04-23 11:01:00', 1, '0a4206159794a591b4f03f460306d3ec', '30c5b6e0dfbe31045d0087e3bbedaf21', '3e996e2d01019f37152afe9107786bdc'),
('d1691d5421624b0913ad7b43d90cb0cb', '您创建了任务流和', '2019-04-20 21:19:18', 1, '102f7ef87a534c5289e326a31a5d153b', '2abbb3c49a7e509732372bf958f8266b', NULL),
('d2532ede27a3328d2de455f7ab5b7893', '你有一个新的任务需要完成:条幅', '2019-05-02 11:08:30', 1, '102f7ef87a534c5289e326a31a5d153b', '0f27214be710a89d9bd61e0f5909dffe', 'db7cf86bdb783835dfde8b204adee4ea'),
('d4c03ce341913ad89236863e825bd305', '任务流:测试pop 已经被更改,新的任务流名: 测试pop', '2019-05-02 10:53:51', 1, '102f7ef87a534c5289e326a31a5d153b', '0f27214be710a89d9bd61e0f5909dffe', NULL),
('d62f85df5550088138ea1a27e9250a21', '您创建了任务流日历测试', '2019-05-02 23:15:39', 1, 'ea5d0ae3645a6890c79a93c64ceab867', 'f9569cd01771abbc4090fb57d78dd18a', NULL),
('d663e5501c2758895ed26ac60ebe0c64', '你有一个新的任务需要完成:就像我', '2019-04-28 14:08:22', 1, '102f7ef87a534c5289e326a31a5d153b', '0f27214be710a89d9bd61e0f5909dffe', '7a7c4baa9770523db3f724aafb647ac5'),
('d7aaf865e4a6bb5b334f83260e2eef71', '你有一个新的任务需要完成:秃驴', '2019-04-26 12:00:48', 1, '0a4206159794a591b4f03f460306d3ec', '0e7677216ebe4d3573b6578d86c6be41', 'c59f790239fd37c052751dfefc8ac309'),
('d828433994cda85dbe98bbe301dfae43', '你有一个新的任务需要完成:好吧', '2019-04-17 09:29:03', 1, '102f7ef87a534c5289e326a31a5d153b', 'e69da88873427fbf771d675cdb47d107', '0e38e4fdc6b0cb9886c09fa11504d845'),
('d9359422a503db63c9a5058d906f2429', '你有一个新的任务需要完成:测试', '2019-05-02 23:16:36', 1, 'ea5d0ae3645a6890c79a93c64ceab867', 'f9569cd01771abbc4090fb57d78dd18a', '43306607c52838df5706ac8f7b05322d'),
('d945a570831a52b96f34c39484d569e9', '任务流:5y6 已经被更改,新的任务流名: 5y6', '2019-04-26 12:57:56', 1, '102f7ef87a534c5289e326a31a5d153b', 'af4321d32c944a620733b1eb7edfd9a2', NULL),
('d9d7e82e9ba7e5e0f78cb1e5f32b9f22', '您创建了任务流是马', '2019-04-23 10:26:22', 1, '102f7ef87a534c5289e326a31a5d153b', 'cbd1e592c3beafdc1fd2defdbcf55b70', NULL),
('d9e03d74b3e0cad98ad5ec28cbffdc69', '您创建了任务流拿手机发送方', '2019-04-26 12:41:08', 1, '102f7ef87a534c5289e326a31a5d153b', 'f0fdeb6f246aabf04712b8c88dc410ab', NULL),
('e86e2701ae4a0e5072f7d6b1d43c3839', '你有一个新的任务需要完成:12', '2019-04-17 09:28:24', 1, '102f7ef87a534c5289e326a31a5d153b', 'e69da88873427fbf771d675cdb47d107', 'ad27cd175e6467b2a5196a3337afcc48'),
('eb28717a7256fce401fdac2eb4a01dda', '你有一个新的任务需要完成:测试五月', '2019-04-28 12:03:20', 1, '102f7ef87a534c5289e326a31a5d153b', '0f27214be710a89d9bd61e0f5909dffe', 'ace45ce2c136c8d0f2202fc5c5df32e6'),
('f110c0584c7730f180b4c7bd49b2a2e2', '您创建了任务流哦哦哦', '2019-04-20 21:29:45', 1, '102f7ef87a534c5289e326a31a5d153b', 'e8019b69b1caaab8a962b098506f63bf', NULL),
('f4a09c3c8c8f22b99e85959e736c7c19', '你有一个新的任务需要完成:测试上传图片', '2019-04-27 20:47:11', 1, '102f7ef87a534c5289e326a31a5d153b', '0f27214be710a89d9bd61e0f5909dffe', '22cb34236f637648e08c0058869b3239'),
('f92a90f13c8e0c9e4b19cf1e9212408f', '您新加入了任务流:啊啊啊新测试', '2019-04-26 15:58:04', 1, '102f7ef87a534c5289e326a31a5d153b', '10ae76a89630e6a5e598c9f2151c0a2c', NULL),
('fe9cef9b93770a8defe5b4e2e9f8404d', '您新加入了任务流:嗯的吧', '2019-04-22 10:32:29', 1, '0a4206159794a591b4f03f460306d3ec', '2cc4fe13f86efa71327063b6f4c9a4a6', NULL);

-- --------------------------------------------------------

--
-- 表的结构 `task`
--

CREATE TABLE IF NOT EXISTS `task` (
  `id` varchar(32) NOT NULL,
  `t_name` varchar(64) DEFAULT NULL,
  `t_describe` text NOT NULL,
  `begin_time` datetime DEFAULT NULL,
  `end_time` datetime DEFAULT NULL,
  `is_completed` tinyint(4) DEFAULT NULL,
  `tf_id` varchar(32) DEFAULT NULL,
  `is_important` tinyint(4) NOT NULL DEFAULT '0' COMMENT '此子任务在任务流中是否是重要的'
) ENGINE=InnoDB DEFAULT CHARSET=utf8;

--
-- 转存表中的数据 `task`
--

INSERT INTO `task` (`id`, `t_name`, `t_describe`, `begin_time`, `end_time`, `is_completed`, `tf_id`, `is_important`) VALUES
('020b2ef3d7795d4fb313f898d7c9b8dc', 'et', '54t45', '2019-04-05 09:42:46', '2019-04-05 09:42:46', 1, '08c84ee74040acaaa72baba28984c48b', 0),
('0484d21ee243089e2ba130a81a69d5e5', '啦', 'l', '2019-05-02 14:09:00', '2019-05-02 16:09:00', 1, '0f27214be710a89d9bd61e0f5909dffe', 0),
('0ad6ffd97bd26e1f28b77f0077f7a2f7', 'efew', 'ewfew', '2019-04-05 09:49:40', '2019-04-05 09:49:40', 1, '08c84ee74040acaaa72baba28984c48b', 0),
('0af758bf2ba105e18d0f4bab05df5dd3', '？', '！', '2019-04-04 17:46:48', '2019-04-05 17:46:48', 1, '79436bc67bbad46cc2b51a969f287704', 0),
('0c79c230f7df7bc89b6bd1c64dd48cfc', '再来测试啊啊啊啊啊啊啊 ', '哈哈啊哈哈', '2019-04-06 19:59:57', '2019-04-06 19:59:57', 2, '557f950ec0a76d4aac2a0fd74f1c5746', 0),
('0d5160715cd66dfa08bf3cf31382682c', '成功了！', '嗯！就是这样！', '2019-04-05 14:25:45', '2019-04-05 17:03:43', 1, 'f72d246e66daac8060e1070cb4f036bb', 0),
('0e38e4fdc6b0cb9886c09fa11504d845', '好吧', '不晓得', '2019-04-17 09:25:00', '2019-04-18 09:25:00', 1, 'e69da88873427fbf771d675cdb47d107', 0),
('0e497383df09b6fbc519ea922b0cd24b', '再测试', '哈哈哈', '2019-04-05 17:00:41', '2019-04-05 17:00:41', 2, 'f72d246e66daac8060e1070cb4f036bb', 0),
('0f6d33f3a44437426a7376459d4f9808', '那', '了', '2019-04-26 11:54:00', '2019-04-27 11:54:00', 2, '0e7677216ebe4d3573b6578d86c6be41', 0),
('146b33b1262b09c494e079098030c847', '啊', '你', '2019-05-02 13:45:00', '2019-05-03 13:45:00', 1, '0f27214be710a89d9bd61e0f5909dffe', 0),
('1715d9c028d1f3fea719d27d680dad51', 'd', 'd', '2019-04-06 19:27:14', '2019-04-06 19:27:14', 1, '557f950ec0a76d4aac2a0fd74f1c5746', 0),
('1bda68011c2acee1d3fa376e10f9d7e2', '杀多少积分', '附件为康复', '2019-04-05 16:14:50', '2019-04-05 16:14:50', 1, 'f72d246e66daac8060e1070cb4f036bb', 0),
('1ce96219b2c0140915fc949cd21c2a9c', 'qwdew', 'ewfe', '2019-04-05 09:42:46', '2019-04-05 09:42:46', 1, '08c84ee74040acaaa72baba28984c48b', 0),
('1d5ccc4d0d3ea131f8518d1ff4284f09', '晚上吃啥', '不知道', '2019-04-07 17:41:55', '2019-04-07 22:41:55', 2, 'f72d246e66daac8060e1070cb4f036bb', 0),
('1d6163f1d65ef4c9a278afc017941da7', 'ee', 'eee', '2019-04-05 10:02:05', '2019-04-05 10:02:05', 1, '08c84ee74040acaaa72baba28984c48b', 0),
('22cb34236f637648e08c0058869b3239', '测试上传图片', '如题', '2019-04-27 20:46:00', '2019-04-30 20:46:00', 2, '0f27214be710a89d9bd61e0f5909dffe', 0),
('24ec2a6741be18877618a857c9b560f9', '懂', '哈？', '2019-04-06 21:24:40', '2019-04-06 21:24:40', 1, '557f950ec0a76d4aac2a0fd74f1c5746', 0),
('28fed270d74fe8f2f07d3679ac1202c0', '4', '4', '2019-04-06 18:47:31', '2019-04-06 18:47:31', 1, '557f950ec0a76d4aac2a0fd74f1c5746', 0),
('2aaa3ea886e3b6bb79626459991332ab', '了', '你', '2019-05-02 13:45:00', '2019-05-03 13:45:00', 1, '0f27214be710a89d9bd61e0f5909dffe', 0),
('2b69245c31ec888d8ea75758888aba27', 'hahah', 'hahah', '2019-04-06 18:43:55', '2019-04-06 20:43:55', 1, '557f950ec0a76d4aac2a0fd74f1c5746', 0),
('2e3f85cfa558d59e5a17527adff76b04', 'ok', 'ok', '2019-04-06 18:55:51', '2019-04-06 18:55:51', 1, '557f950ec0a76d4aac2a0fd74f1c5746', 0),
('31902642e69d3471d764b8b4ab805f8a', '都市风', 'trhr', '2019-04-05 16:57:33', '2019-04-05 16:57:33', 2, 'f72d246e66daac8060e1070cb4f036bb', 0),
('3191197f46dc609d1ec25f363d6a705b', '测试1', '测试1', '2019-04-06 21:24:40', '2019-04-07 21:24:40', 2, '0e7677216ebe4d3573b6578d86c6be41', 0),
('330e9d543a261973dfa957a8ba9eba59', 'c', 'c', '2019-04-06 19:36:10', '2019-04-06 19:36:10', 1, '557f950ec0a76d4aac2a0fd74f1c5746', 0),
('33e43ef2831f3b53c9aec78c49a1b52e', '嗯', '对', '2019-04-06 18:00:28', '2019-04-07 18:00:28', 1, '557f950ec0a76d4aac2a0fd74f1c5746', 0),
('35b73d51580587662a71afc631b80ce4', '好吧', '嗯', '2019-04-05 10:18:59', '2019-04-05 10:18:59', 1, '5373f08e5749a68b71f4780e9706472d', 0),
('372e5cab9ffe6ee65aae691894c3e3c0', '456', '456', '2019-04-06 19:25:13', '2019-04-06 19:25:13', 1, '08c84ee74040acaaa72baba28984c48b', 0),
('37a09b2c365575e2835d7707764eb789', '测试定时器', '哈喽啊', '2019-04-07 18:59:00', '2019-04-07 19:01:00', 2, 'd1376ba90f1a90c02167f06ce3e0fd72', 0),
('3a9bd1abdb6cf57a1c8fc08baa1a6835', '是嘛', '嗯。', '2019-04-05 14:10:10', '2019-04-06 14:10:10', 1, 'c94bcc1221ac03fc95ff58bad2c46969', 0),
('3e996e2d01019f37152afe9107786bdc', '她', '啦', '2019-04-23 12:00:00', '2019-04-23 14:00:00', 2, '30c5b6e0dfbe31045d0087e3bbedaf21', 0),
('3f69f870a11413ca85ff4858bc26f094', '技术部做宣传海报', '要做的好看一些，突出风筝节的主题', '2019-04-04 14:00:20', '2019-04-05 14:00:20', 1, 'c94bcc1221ac03fc95ff58bad2c46969', 0),
('40158a9fdaa439463a9243d95e7f04da', 'mn', 'mn', '2019-04-06 19:18:11', '2019-04-06 19:18:11', 1, '557f950ec0a76d4aac2a0fd74f1c5746', 0),
('4268d8a6a9727c83cfe811783a3cc0c3', '东', '兔兔', '2019-04-28 14:04:00', '2019-05-22 14:04:00', 1, '0f27214be710a89d9bd61e0f5909dffe', 0),
('432dd2992a24a3b2af7b2f8d204a6344', '抠门', '绝路', '2019-04-27 20:59:00', '2019-04-28 20:59:00', 1, '0f27214be710a89d9bd61e0f5909dffe', 0),
('43306607c52838df5706ac8f7b05322d', '测试', '啊啊啊啊', '2019-05-02 23:14:00', '2019-05-02 23:16:00', 2, 'f9569cd01771abbc4090fb57d78dd18a', 0),
('4554e5ef75c02abf816cb1059ae7d611', '可恶', '问对方', '2019-05-02 10:45:00', '2019-05-03 08:42:00', 1, '0f27214be710a89d9bd61e0f5909dffe', 0),
('471ea54e16123647b2d7b74461cf16d3', 'x', 'x', '2019-04-06 19:23:08', '2019-04-06 19:23:08', 1, '557f950ec0a76d4aac2a0fd74f1c5746', 0),
('472f62b143a783a2f195af17b4c56750', '靠', '靠', '2019-04-06 19:18:11', '2019-04-06 19:18:11', 1, '557f950ec0a76d4aac2a0fd74f1c5746', 0),
('4922be0cc41be996626d1eef3b1d5693', '饿死了', '咋办', '2019-04-06 17:41:55', '2019-04-06 17:41:55', 1, 'f72d246e66daac8060e1070cb4f036bb', 0),
('49b8c1e3bc7c32189892505edf795050', 'sac', 'wfew', '2019-04-04 17:51:51', '2019-04-04 17:51:51', 1, '79436bc67bbad46cc2b51a969f287704', 0),
('4c9371b0068dc0024204ada77d511097', 'ad', 'ewf', '2019-04-04 17:50:15', '2019-04-04 17:50:15', 1, '79436bc67bbad46cc2b51a969f287704', 0),
('530c57264ee0e283da1e21465d018d33', 'as', 'e', '2019-04-05 09:50:25', '2019-04-05 09:50:25', 1, '08c84ee74040acaaa72baba28984c48b', 0),
('54fd5078a13ebd74924b20d5776adcd3', '再来一个吧', '行吗', '2019-04-06 20:05:40', '2019-04-06 20:05:40', 1, '557f950ec0a76d4aac2a0fd74f1c5746', 0),
('583891cfdf4074142b073e5d1888ca16', '但是', '的', '2019-04-05 10:16:28', '2019-04-05 10:16:28', 1, '53f29d5e63a80ca2d10f7004f6771380', 0),
('5a2261672656a0899bf6368d7d13d36f', '再来一个', '哈哈哈', '2019-04-06 18:45:36', '2019-04-07 18:45:36', 1, 'f72d246e66daac8060e1070cb4f036bb', 0),
('619a2d248bf7c99ecdfa314f1b8c364e', '是吗 在哪', '快说', '2019-04-07 12:31:00', '2019-04-09 12:31:00', 1, 'd1376ba90f1a90c02167f06ce3e0fd72', 0),
('633885d272aab4942cf64353a96ec342', '子任务来了', '咯莫', '2019-04-26 11:54:00', '2019-04-27 11:54:00', 2, '0e7677216ebe4d3573b6578d86c6be41', 0),
('68273d8b7acca26ee64e7dcac992c12e', 'er', 'rg', '2019-04-05 16:48:16', '2019-04-05 16:48:16', 1, '53f29d5e63a80ca2d10f7004f6771380', 0),
('688333b5686fad1f2bfeb2874c3ea101', '啊', '好吧我觉得挺好的挺好的挺好的挺好的我觉得挺好的挺好的挺好的挺好的¡i¡i¡i¡i¡i¡i¡i¡i¡ॣ ॣ ॣ我觉得挺好的挺好的挺好的挺好的ฏ้้้้้้้้้้้้้้้้้้้้้้้้้้้้้้้้้้้้้้้้้้้้้้้้้้้้้้้้้้้้้้้้้้้้้้', '2019-04-06 22:42:28', '2019-04-06 22:42:28', 1, 'a08751022b174e2491afc48dd314f09c', 0),
('693845eb673390dc31e30e3b4e6f7c1c', '喵嘿嘿', '我是长颈鹿', '2019-04-26 16:04:00', '2019-04-26 17:04:00', 2, '10ae76a89630e6a5e598c9f2151c0a2c', 0),
('6ac02c1009b3b2cfd99c18852c896b7f', 'cnm', 'cnm', '2019-04-06 19:31:46', '2019-04-06 19:31:46', 1, '557f950ec0a76d4aac2a0fd74f1c5746', 0),
('6bb7d055a319af59cc273f825a8fc39c', 'y5y56y56', '65yu56u', '2019-04-05 16:52:05', '2019-04-05 16:52:05', 1, 'f72d246e66daac8060e1070cb4f036bb', 0),
('79c6d4b73f8cc2bf97ab29363e64c46f', '啦', 'm', '2019-05-02 13:45:00', '2019-05-03 13:45:00', 1, '0f27214be710a89d9bd61e0f5909dffe', 0),
('79d4d7dbbe8caf98234c322da1b5048e', '试试子任务通知', '啦啦啦', '2019-04-11 10:49:00', '2019-04-12 10:49:00', 1, '0e7677216ebe4d3573b6578d86c6be41', 0),
('7a7c4baa9770523db3f724aafb647ac5', '就像我', '胡', '2019-04-28 14:04:00', '2019-05-19 14:04:00', 1, '0f27214be710a89d9bd61e0f5909dffe', 0),
('7b07aa3734246f51cc7256028945036b', '字段需知', '字段中不能有特殊字符和表情', '2019-04-06 17:41:55', '2019-04-06 17:41:55', 1, 'f72d246e66daac8060e1070cb4f036bb', 0),
('83d9b3580a6f7c44d1b6229c9a37b701', 'dsvrre', 'gergt', '2019-04-04 17:46:31', '2019-04-04 17:46:31', 1, '79436bc67bbad46cc2b51a969f287704', 0),
('894678032c949831c04f541e94a314c8', 'kk', 'kk', '2019-04-06 19:03:56', '2019-04-06 19:03:56', 1, '557f950ec0a76d4aac2a0fd74f1c5746', 0),
('8b8574a4414ffefc4a898ab5944fd793', '啊', '啊', '2019-04-05 09:36:58', '2019-04-05 09:36:58', 1, '5373f08e5749a68b71f4780e9706472d', 0),
('924062c34de5130323a6a993e00df7a7', 'wxdqw', 'efewf', '2019-04-05 09:35:01', '2019-04-05 09:35:01', 1, '08c84ee74040acaaa72baba28984c48b', 0),
('968d961d730efe0fc3df13d7e8271062', '图', '那就', '2019-05-02 13:51:00', '2019-05-03 13:45:00', 1, '0f27214be710a89d9bd61e0f5909dffe', 0),
('9ad7c57ae3e78a6ab04c7680ff7b9741', 'hahahaahahh', 'hahahaahahah', '2019-04-05 16:13:20', '2019-04-05 16:13:20', 1, 'f72d246e66daac8060e1070cb4f036bb', 0),
('9f9d0859f8c77b4a3d91f1ad9b49a112', '啦', '可爱', '2019-04-07 19:44:00', '2019-04-08 09:44:00', 2, '4658b1ad40b6d88dd848a0c73ea3774f', 0),
('a0a143e5f63a1183352055655cf390e5', '哈喽呀', '我也想玩', '2019-04-04 17:37:07', '2019-04-05 17:37:07', 1, '9c51a51edf850a6fc9759bd10354db21', 0),
('a5df5da6febc7ebe9ce8da53e61f62a2', '嗯嗯', '哈哈', '2019-04-05 14:24:10', '2019-04-05 14:24:10', 1, 'f72d246e66daac8060e1070cb4f036bb', 0),
('a9bbb20a87e6613dabc992aba3c26893', 'b', 'b', '2019-04-06 19:31:46', '2019-04-06 19:31:46', 1, '557f950ec0a76d4aac2a0fd74f1c5746', 0),
('accc9f8807543247e543e7cac608cd42', '报不报', '报不报', '2019-04-06 19:20:51', '2019-04-06 19:20:51', 1, '557f950ec0a76d4aac2a0fd74f1c5746', 0),
('ace45ce2c136c8d0f2202fc5c5df32e6', '测试五月', '刹车就开始', '2019-04-28 12:01:00', '2019-05-20 12:01:00', 1, '0f27214be710a89d9bd61e0f5909dffe', 0),
('ad27cd175e6467b2a5196a3337afcc48', '12', '45', '2019-04-17 09:27:00', '2019-04-17 12:26:00', 1, 'e69da88873427fbf771d675cdb47d107', 0),
('aedf1f71e40589f5b17d8869e9782857', 'G', 'h', '2019-05-02 13:20:00', '2019-05-03 13:20:00', 0, '0f27214be710a89d9bd61e0f5909dffe', 0),
('b1f3f47d619a7549e746dbae23d8de0a', '说点什么吧', '行不', '2019-04-07 18:41:00', '2019-04-08 18:41:00', 2, 'f72d246e66daac8060e1070cb4f036bb', 0),
('b3d0195a938f82f32d8211eabd428ff5', '222', '222', '2019-04-05 16:54:53', '2019-04-05 16:54:53', 1, 'f72d246e66daac8060e1070cb4f036bb', 0),
('b64f270caf306d1d134f4b3f3fc37583', '哈喽？', '来', '2019-04-05 15:24:39', '2019-04-06 15:24:39', 1, 'f72d246e66daac8060e1070cb4f036bb', 0),
('b94535231d9e4cc08eb2e524d2c33905', '5555', '233333\n', '2019-04-07 19:52:00', '2019-04-07 19:55:00', 1, 'e3c2ae3f580d83ece18e8ba7474b5380', 0),
('ba20dbadd631f958e2224ae4990de3d8', 'de', 'ed', '2019-04-06 19:08:06', '2019-04-06 19:08:06', 1, '557f950ec0a76d4aac2a0fd74f1c5746', 0),
('bcc56e656ed979fe6ac70d610f8ee9c9', '啊', '啊', '2019-04-04 17:42:37', '2019-04-04 17:42:37', 1, '79436bc67bbad46cc2b51a969f287704', 0),
('c59f790239fd37c052751dfefc8ac309', '秃驴', '啦啦啦', '2019-04-26 11:54:00', '2019-04-27 11:54:00', 2, '0e7677216ebe4d3573b6578d86c6be41', 0),
('cee03ee9987febffe60e667c063b0ee7', '时候会', '看看', '2019-04-27 21:05:00', '2019-04-28 21:05:00', 2, 'a2efb797bbb590c5cc2d029b67a83e24', 0),
('d6939972418bed4aa40630396c2dea5d', '哈喽时间测试', '哈喽时间测试', '2019-04-06 13:46:06', '2019-04-06 17:46:06', 1, '5373f08e5749a68b71f4780e9706472d', 0),
('d84922d3fe910be91759e9128ec8b969', '嗯', '好', '2019-04-05 15:24:39', '2019-04-06 15:24:39', 1, 'f72d246e66daac8060e1070cb4f036bb', 0),
('db7cf86bdb783835dfde8b204adee4ea', '条幅', '个', '2019-05-02 11:07:00', '2019-06-04 11:07:00', 1, '0f27214be710a89d9bd61e0f5909dffe', 0),
('de2a1f25f25ebebdc2c74cc9101ea9d1', 'a', 'a', '2019-04-06 19:31:46', '2019-04-06 19:31:46', 1, '557f950ec0a76d4aac2a0fd74f1c5746', 0),
('df3d4b9908c36a3de3d564c5d9449cc2', 'sxqw', 'wqxqw', '2019-04-05 09:32:57', '2019-04-05 09:32:57', 1, '79436bc67bbad46cc2b51a969f287704', 0),
('e3ca05e10f32c873e6d45866adbda0fc', '啊', '额', '2019-04-07 08:12:45', '2019-04-07 10:12:45', 1, '53f29d5e63a80ca2d10f7004f6771380', 0),
('e4420f1f23ca5acfe5853d8edc205a82', '测试完成任务的', '了', '2019-05-02 12:34:00', '2019-05-03 12:34:00', 1, '0f27214be710a89d9bd61e0f5909dffe', 0),
('e81098b6dd88eee522df0eaf4400a06d', '23333', 'www', '2019-04-07 19:52:00', '2019-04-07 21:52:00', 2, 'e3c2ae3f580d83ece18e8ba7474b5380', 0),
('e977102b9ba9e0ca59adadcafa689449', 'v', 'v', '2019-04-06 19:38:52', '2019-04-06 19:38:52', 1, '557f950ec0a76d4aac2a0fd74f1c5746', 0),
('ea36354a4164c3f5a3a2ecb83b3bf912', '只能这样啊', '好吧', '2019-04-06 20:01:06', '2019-04-06 20:01:06', 1, '557f950ec0a76d4aac2a0fd74f1c5746', 0),
('ec704b457a57c4f2375314f0a9323c78', '好玩的', '嗯啊', '2019-04-23 10:47:00', '2019-04-23 14:47:00', 2, '30c5b6e0dfbe31045d0087e3bbedaf21', 0),
('ef42c57e0528ee78cd35638ecadb4dc9', 'g', 'hjj', '2019-05-02 13:20:00', '2019-05-03 13:20:00', 0, '0f27214be710a89d9bd61e0f5909dffe', 0),
('f026d8ffddd27cec8dcf41fc1cda219c', '喵呜呜呜', '大象大象你的脖子为什么那么长', '2019-04-26 15:55:00', '2019-04-26 16:55:00', 2, '10ae76a89630e6a5e598c9f2151c0a2c', 0),
('f3ccc2170fe2deafec7c4265735072e6', '董', '了', '2019-05-02 13:40:00', '2019-05-03 13:40:00', 0, '0f27214be710a89d9bd61e0f5909dffe', 0),
('f8dcae8db96d77469a0c61c2498ac589', '好', '嗯', '2019-04-10 07:21:00', '2019-04-14 07:21:00', 2, '0e7677216ebe4d3573b6578d86c6be41', 0),
('fb79354f83973e8cdcc04cc1ead0cf8c', '空', '靠', '2019-04-05 17:03:03', '2019-04-05 17:03:03', 1, '53f29d5e63a80ca2d10f7004f6771380', 0),
('fe11743f3bc35f17a0119640b8f104d6', 'ewfw', 'ewfew', '2019-04-05 10:38:49', '2019-04-05 10:38:49', 1, '53f29d5e63a80ca2d10f7004f6771380', 0),
('ffd5bfb3901bfdfa70c907b4f919eb34', '佛魔', '他', '2019-04-17 09:25:00', '2019-04-18 09:25:00', 1, 'e69da88873427fbf771d675cdb47d107', 0);

-- --------------------------------------------------------

--
-- 表的结构 `task_flow`
--

CREATE TABLE IF NOT EXISTS `task_flow` (
  `id` varchar(32) NOT NULL,
  `tf_name` varchar(32) DEFAULT '未命名',
  `tf_describe` text,
  `is_completed` tinyint(4) DEFAULT NULL,
  `begin_time` datetime DEFAULT NULL,
  `end_time` datetime DEFAULT NULL,
  `leader_id` varchar(32) DEFAULT NULL
) ENGINE=InnoDB DEFAULT CHARSET=utf8;

--
-- 转存表中的数据 `task_flow`
--

INSERT INTO `task_flow` (`id`, `tf_name`, `tf_describe`, `is_completed`, `begin_time`, `end_time`, `leader_id`) VALUES
('0893816ce02b3170ce8a21df17c34966', '该是', '改名字喊好', 0, '2019-04-07 11:45:00', '2019-07-11 11:42:00', '102f7ef87a534c5289e326a31a5d153b'),
('08c84ee74040acaaa72baba28984c48b', '嗯好吧', '呼啦啦', 1, '2019-04-08 11:08:00', '2019-04-08 11:08:00', '102f7ef87a534c5289e326a31a5d153b'),
('0e7677216ebe4d3573b6578d86c6be41', '测试一下改任务流信息', '测试点\n1 添加子任务是否立即就能刷新出来\n2 测试一下评论功能\n3 子任务详情页面卡不卡', 0, '2019-04-13 20:48:00', '2019-06-12 23:24:00', '102f7ef87a534c5289e326a31a5d153b'),
('0f27214be710a89d9bd61e0f5909dffe', '测试pop', 'bbbbb', 0, '2019-05-02 10:47:00', '2019-09-02 15:51:00', '102f7ef87a534c5289e326a31a5d153b'),
('10ae76a89630e6a5e598c9f2151c0a2c', '啊啊啊新测试', '123654789', 1, '2019-04-26 15:55:00', '2019-04-27 15:55:00', 'ea5d0ae3645a6890c79a93c64ceab867'),
('21ffb01620244dffa689555ea417a8ef', '干嘛', '北京急救科技馆', 1, '2019-04-23 10:41:00', '2019-04-24 10:41:00', '102f7ef87a534c5289e326a31a5d153b'),
('2885f66a9af58a56b25e4fa5bf06ce93', '董小姐', '我的家里没有草原', 0, '2019-04-20 21:18:00', '2019-07-20 21:18:00', '102f7ef87a534c5289e326a31a5d153b'),
('2abbb3c49a7e509732372bf958f8266b', '和', '吧', 1, '2019-04-20 21:18:00', '2019-04-21 21:18:00', '102f7ef87a534c5289e326a31a5d153b'),
('2cc4fe13f86efa71327063b6f4c9a4a6', '嗯的吧', '行吗', 1, '2019-04-22 10:20:00', '2019-04-23 10:20:00', '102f7ef87a534c5289e326a31a5d153b'),
('2d334e34908e3e1999639d5ae0715dca', '干嘛', '哦', 1, '2019-04-22 10:20:00', '2019-04-24 10:20:00', '102f7ef87a534c5289e326a31a5d153b'),
('30c5b6e0dfbe31045d0087e3bbedaf21', '啦吧', '略略略', 1, '2019-04-23 10:47:00', '2019-04-24 10:47:00', '0a4206159794a591b4f03f460306d3ec'),
('31f4ecd1319e33ab44eafd8ba9ed2c5a', 'ger', 'gr', 1, '2019-04-26 12:42:00', '2019-04-26 12:42:00', '102f7ef87a534c5289e326a31a5d153b'),
('3709feb97de000b1454e77471a9b9062', '噗', '略略略tyg', 1, '2019-04-26 16:17:00', '2019-04-26 16:17:00', '102f7ef87a534c5289e326a31a5d153b'),
('4405d4a6d4780a1fd56a12a2c4d31c30', '滚啊', '起', 1, '2019-04-11 10:57:00', '2019-04-11 10:57:00', '102f7ef87a534c5289e326a31a5d153b'),
('4658b1ad40b6d88dd848a0c73ea3774f', '新的标题', '十八', 1, '2019-04-07 11:46:00', '2019-04-08 10:57:00', '102f7ef87a534c5289e326a31a5d153b'),
('5373f08e5749a68b71f4780e9706472d', '五号测试', '嗯啊', 1, '2019-04-05 09:36:58', '2019-04-09 09:36:58', '0a4206159794a591b4f03f460306d3ec'),
('53f29d5e63a80ca2d10f7004f6771380', '哈哈哈', '啦啦啦啦啦啦啦啦呀呀呀呀呀呀呀晕看评论', 1, '2019-04-05 10:16:28', '2019-04-07 10:16:28', '102f7ef87a534c5289e326a31a5d153b'),
('557f950ec0a76d4aac2a0fd74f1c5746', '今天牛逼了吗', '你说呢', 0, '2019-04-06 17:41:55', '2019-05-06 17:41:55', '102f7ef87a534c5289e326a31a5d153b'),
('56abe7543eeadc47e2c8f13c52eb4d86', '你哈啊啊', '上次你是否能', 1, '2019-04-07 10:57:00', '2019-04-07 10:57:00', '102f7ef87a534c5289e326a31a5d153b'),
('59ec9d409d526b269a76aa5c7b421b70', '13595', 'KKK', 1, '2019-04-05 14:26:59', '2019-04-05 14:26:59', 'ea5d0ae3645a6890c79a93c64ceab867'),
('6a1d1533d75b987bfe6e8ea0bc37b660', '好吧', '嗯ヽ(○^㉨^)ﾉ♪', 1, '2019-04-26 15:32:00', '2019-04-27 15:32:00', '102f7ef87a534c5289e326a31a5d153b'),
('79436bc67bbad46cc2b51a969f287704', '张鹤麟', '打扰了', 1, '2019-04-04 17:39:31', '2019-04-06 17:39:31', '102f7ef87a534c5289e326a31a5d153b'),
('93729e5ac3afa02281c558f4c77dd54d', '董', 'r', 1, '2019-04-23 10:24:00', '2019-04-24 10:24:00', '102f7ef87a534c5289e326a31a5d153b'),
('9c51a51edf850a6fc9759bd10354db21', '成员测试', '这是成员测试', 0, '2019-04-04 17:35:53', '2019-05-04 17:35:53', '0a4206159794a591b4f03f460306d3ec'),
('9e100b6316d5a2aad152c7376c8207ee', '东东', '啦啦啦', 1, '2019-04-13 19:11:00', '2019-04-17 18:59:00', '102f7ef87a534c5289e326a31a5d153b'),
('a08751022b174e2491afc48dd314f09c', '啦', '啦', 1, '2019-04-06 22:32:44', '2019-04-06 22:32:44', '102f7ef87a534c5289e326a31a5d153b'),
('a2efb797bbb590c5cc2d029b67a83e24', '测试上传图片的任务流', '嗯嗯嗯', 0, '2019-04-27 21:05:00', '2019-06-27 21:05:00', '0a4206159794a591b4f03f460306d3ec'),
('a4f90cd5d592baceca8d84ea39d3ee92', 'cggg', 'jkkk', 1, '2019-04-04 16:12:59', '2019-04-04 16:12:59', '0a4206159794a591b4f03f460306d3ec'),
('af4321d32c944a620733b1eb7edfd9a2', '5y6', '56u7太突然', 1, '2019-04-26 12:55:00', '2019-04-26 12:55:00', '102f7ef87a534c5289e326a31a5d153b'),
('c1ca7fcca90c35334d8adabb44569401', 'wqfwefe', 'wgrehtrnht', 1, '2019-04-20 16:40:00', '2019-04-20 16:40:00', '102f7ef87a534c5289e326a31a5d153b'),
('c94bcc1221ac03fc95ff58bad2c46969', '航标网风筝节', '风筝节就要来了，大家一起动起来，迎接美好的春天吧！', 1, '2019-04-04 13:42:36', '2019-04-10 13:42:36', '102f7ef87a534c5289e326a31a5d153b'),
('cbd1e592c3beafdc1fd2defdbcf55b70', '是马', '了', 1, '2019-04-23 10:24:00', '2019-04-24 10:24:00', '102f7ef87a534c5289e326a31a5d153b'),
('cff15623413e8c0847ae3a99b20c9edf', '嗯的吧', '啦啦啦', 1, '2019-04-04 17:19:33', '2019-04-07 17:19:33', '0a4206159794a591b4f03f460306d3ec'),
('d1376ba90f1a90c02167f06ce3e0fd72', '看人', '看啊，这有个人', 1, '2019-04-13 19:11:00', '2019-04-17 11:54:00', '102f7ef87a534c5289e326a31a5d153b'),
('dc8da7305aa7b5178d36af265c5720a9', '嗯哈', '盖茨比', 1, '2019-04-11 10:51:00', '2019-04-19 10:51:00', '0a4206159794a591b4f03f460306d3ec'),
('de634af9c1d2ed244bc6617302a77f78', '好吧那就', '开呗', 1, '2019-04-20 16:33:00', '2019-04-23 16:33:00', '102f7ef87a534c5289e326a31a5d153b'),
('e0d6c6d6b263be6292a0100bd34895f9', '吧', '哦', 1, '2019-04-27 21:05:00', '2019-04-28 21:05:00', '0a4206159794a591b4f03f460306d3ec'),
('e3c2ae3f580d83ece18e8ba7474b5380', 'test', '测试测试~', 1, '2019-04-07 19:52:00', '2019-04-08 19:52:00', 'ea5d0ae3645a6890c79a93c64ceab867'),
('e3fab5096e6a9932b944763cc7d41321', '噗', '吧', 1, '2019-04-22 10:20:00', '2019-04-22 10:20:00', '102f7ef87a534c5289e326a31a5d153b'),
('e69da88873427fbf771d675cdb47d107', '董霖', '嗯啊', 1, '2019-04-17 09:32:00', '2019-04-21 09:25:00', '102f7ef87a534c5289e326a31a5d153b'),
('e8019b69b1caaab8a962b098506f63bf', '哦哦哦', '哦哦哦', 1, '2019-04-20 21:18:00', '2019-04-20 21:18:00', '102f7ef87a534c5289e326a31a5d153b'),
('f0fdeb6f246aabf04712b8c88dc410ab', '拿手机发送方', '我的金额看我反而', 1, '2019-04-26 12:40:00', '2019-04-27 12:40:00', '102f7ef87a534c5289e326a31a5d153b'),
('f20df83010e69beefb165a5e18afa3ca', '我又来了', '东东', 1, '2019-04-11 10:57:00', '2019-04-12 10:57:00', '0a4206159794a591b4f03f460306d3ec'),
('f677e1e9782990df844153ede6af291b', '再来', '啦', 1, '2019-04-26 15:32:00', '2019-04-27 15:32:00', '102f7ef87a534c5289e326a31a5d153b'),
('f72d246e66daac8060e1070cb4f036bb', '测试一下下', '这是一个测试，测试，李沛霖小同学', 1, '2019-04-05 14:24:10', '2019-04-10 14:24:10', '102f7ef87a534c5289e326a31a5d153b'),
('f9569cd01771abbc4090fb57d78dd18a', '日历测试', '123456', 1, '2019-05-02 23:14:00', '2019-05-03 00:14:00', 'ea5d0ae3645a6890c79a93c64ceab867');

-- --------------------------------------------------------

--
-- 表的结构 `user`
--

CREATE TABLE IF NOT EXISTS `user` (
  `id` varchar(32) NOT NULL,
  `openid` varchar(32) NOT NULL,
  `nick_name` varchar(64) DEFAULT NULL,
  `phone_number` varchar(18) DEFAULT '',
  `city` varchar(32) DEFAULT NULL,
  `province` varchar(32) DEFAULT NULL,
  `country` varchar(32) DEFAULT NULL,
  `avatar_url` text,
  `gender` tinyint(4) DEFAULT NULL
) ENGINE=InnoDB DEFAULT CHARSET=utf8 ROW_FORMAT=COMPACT;

--
-- 转存表中的数据 `user`
--

INSERT INTO `user` (`id`, `openid`, `nick_name`, `phone_number`, `city`, `province`, `country`, `avatar_url`, `gender`) VALUES
('0a4206159794a591b4f03f460306d3ec', 'okulZ5O6rTEHBEk-y75dYR3CSQFQ', 'Tim', 'undefined', '', '', '', 'https://wx.qlogo.cn/mmopen/vi_32/4ia1K0FXqS2Nsv8ia0jZXibF2SIPjZLTo0Roaia03NGwOiaDjC4NEBdTAjEAPHiaIOUzUtgRg7C77CcxJVQcZpbbibeug/132', 0),
('102f7ef87a534c5289e326a31a5d153b', 'okulZ5LTxceX9Oq_nQL4Nfg_wUDM', 'Ryan Hardy', 'undefined', 'Baoding', 'Hebei', 'China', 'https://wx.qlogo.cn/mmopen/vi_32/nqMXuic5mkp7E1sqceEicZBG6UP2gSf6OlCVObTjUOao7UjuwGDuZIBdk7Derlk56ia743IzGFheNzwKOlVSqGquA/132', 1),
('ea5d0ae3645a6890c79a93c64ceab867', 'okulZ5Ov2fFeFZKPRjdUK-ZsGXPo', '雨夜', 'undefined', 'Cangzhou', 'Hebei', 'China', 'https://wx.qlogo.cn/mmopen/vi_32/ZuVa4CwuK4JoSNarjTVsphmmIBZO6eyvNLxIHSjicYkhNvibxveapRW4oG5eibickzsoibLXrnXUo7N6zyiaVmGOAVibg/132', 0);

-- --------------------------------------------------------

--
-- 表的结构 `user_task`
--

CREATE TABLE IF NOT EXISTS `user_task` (
  `u_id` varchar(32) NOT NULL,
  `t_id` varchar(32) NOT NULL,
  `user_status` tinyint(4) DEFAULT '1' COMMENT '用户状态 2完成 1进行中 0请假',
  `break_reason` varchar(64) DEFAULT NULL COMMENT '请假原因',
  `refuse_reason` varchar(64) DEFAULT NULL COMMENT '驳回请假请求的原因'
) ENGINE=InnoDB DEFAULT CHARSET=utf8;

--
-- 转存表中的数据 `user_task`
--

INSERT INTO `user_task` (`u_id`, `t_id`, `user_status`, `break_reason`, `refuse_reason`) VALUES
('0a4206159794a591b4f03f460306d3ec', '0f6d33f3a44437426a7376459d4f9808', 1, '', ''),
('0a4206159794a591b4f03f460306d3ec', '1d5ccc4d0d3ea131f8518d1ff4284f09', 1, '', ''),
('0a4206159794a591b4f03f460306d3ec', '3191197f46dc609d1ec25f363d6a705b', 1, '', ''),
('0a4206159794a591b4f03f460306d3ec', '35b73d51580587662a71afc631b80ce4', 1, '', ''),
('0a4206159794a591b4f03f460306d3ec', '372e5cab9ffe6ee65aae691894c3e3c0', 1, '', ''),
('0a4206159794a591b4f03f460306d3ec', '3e996e2d01019f37152afe9107786bdc', 1, '', ''),
('0a4206159794a591b4f03f460306d3ec', '530c57264ee0e283da1e21465d018d33', 1, '', ''),
('0a4206159794a591b4f03f460306d3ec', '5a2261672656a0899bf6368d7d13d36f', 1, '', ''),
('0a4206159794a591b4f03f460306d3ec', '633885d272aab4942cf64353a96ec342', 1, '', ''),
('0a4206159794a591b4f03f460306d3ec', '79d4d7dbbe8caf98234c322da1b5048e', 2, '', ''),
('0a4206159794a591b4f03f460306d3ec', '7b07aa3734246f51cc7256028945036b', 1, '', ''),
('0a4206159794a591b4f03f460306d3ec', '8b8574a4414ffefc4a898ab5944fd793', 1, '', ''),
('0a4206159794a591b4f03f460306d3ec', '924062c34de5130323a6a993e00df7a7', 1, '', ''),
('0a4206159794a591b4f03f460306d3ec', 'a0a143e5f63a1183352055655cf390e5', 1, '', ''),
('0a4206159794a591b4f03f460306d3ec', 'b1f3f47d619a7549e746dbae23d8de0a', 1, '', ''),
('0a4206159794a591b4f03f460306d3ec', 'c59f790239fd37c052751dfefc8ac309', 1, '', ''),
('0a4206159794a591b4f03f460306d3ec', 'cee03ee9987febffe60e667c063b0ee7', 1, '', ''),
('0a4206159794a591b4f03f460306d3ec', 'd6939972418bed4aa40630396c2dea5d', 1, '', ''),
('0a4206159794a591b4f03f460306d3ec', 'ec704b457a57c4f2375314f0a9323c78', 1, '', ''),
('0a4206159794a591b4f03f460306d3ec', 'f8dcae8db96d77469a0c61c2498ac589', 1, '', ''),
('102f7ef87a534c5289e326a31a5d153b', '020b2ef3d7795d4fb313f898d7c9b8dc', 1, '', ''),
('102f7ef87a534c5289e326a31a5d153b', '0484d21ee243089e2ba130a81a69d5e5', 2, '', ''),
('102f7ef87a534c5289e326a31a5d153b', '0ad6ffd97bd26e1f28b77f0077f7a2f7', 1, '', ''),
('102f7ef87a534c5289e326a31a5d153b', '0af758bf2ba105e18d0f4bab05df5dd3', 1, '', ''),
('102f7ef87a534c5289e326a31a5d153b', '0c79c230f7df7bc89b6bd1c64dd48cfc', 1, '', ''),
('102f7ef87a534c5289e326a31a5d153b', '0d5160715cd66dfa08bf3cf31382682c', 2, '', ''),
('102f7ef87a534c5289e326a31a5d153b', '0e38e4fdc6b0cb9886c09fa11504d845', 2, '', ''),
('102f7ef87a534c5289e326a31a5d153b', '0e497383df09b6fbc519ea922b0cd24b', 3, '', ''),
('102f7ef87a534c5289e326a31a5d153b', '0f6d33f3a44437426a7376459d4f9808', 2, '', ''),
('102f7ef87a534c5289e326a31a5d153b', '146b33b1262b09c494e079098030c847', 2, '', ''),
('102f7ef87a534c5289e326a31a5d153b', '1715d9c028d1f3fea719d27d680dad51', 1, '', ''),
('102f7ef87a534c5289e326a31a5d153b', '1bda68011c2acee1d3fa376e10f9d7e2', 0, '', ''),
('102f7ef87a534c5289e326a31a5d153b', '1ce96219b2c0140915fc949cd21c2a9c', 1, '', ''),
('102f7ef87a534c5289e326a31a5d153b', '1d5ccc4d0d3ea131f8518d1ff4284f09', 2, '', ''),
('102f7ef87a534c5289e326a31a5d153b', '1d6163f1d65ef4c9a278afc017941da7', 1, '', ''),
('102f7ef87a534c5289e326a31a5d153b', '22cb34236f637648e08c0058869b3239', 3, '世界那么大，我想去看看', ''),
('102f7ef87a534c5289e326a31a5d153b', '24ec2a6741be18877618a857c9b560f9', 1, '', ''),
('102f7ef87a534c5289e326a31a5d153b', '28fed270d74fe8f2f07d3679ac1202c0', 1, '', ''),
('102f7ef87a534c5289e326a31a5d153b', '2aaa3ea886e3b6bb79626459991332ab', 2, '', ''),
('102f7ef87a534c5289e326a31a5d153b', '2b69245c31ec888d8ea75758888aba27', 1, '', ''),
('102f7ef87a534c5289e326a31a5d153b', '2e3f85cfa558d59e5a17527adff76b04', 1, '', ''),
('102f7ef87a534c5289e326a31a5d153b', '3191197f46dc609d1ec25f363d6a705b', 3, '干嘛', ''),
('102f7ef87a534c5289e326a31a5d153b', '330e9d543a261973dfa957a8ba9eba59', 1, '', ''),
('102f7ef87a534c5289e326a31a5d153b', '33e43ef2831f3b53c9aec78c49a1b52e', 1, '', ''),
('102f7ef87a534c5289e326a31a5d153b', '372e5cab9ffe6ee65aae691894c3e3c0', 1, '', ''),
('102f7ef87a534c5289e326a31a5d153b', '37a09b2c365575e2835d7707764eb789', 1, '', ''),
('102f7ef87a534c5289e326a31a5d153b', '3a9bd1abdb6cf57a1c8fc08baa1a6835', 2, '', ''),
('102f7ef87a534c5289e326a31a5d153b', '3e996e2d01019f37152afe9107786bdc', 2, '', ''),
('102f7ef87a534c5289e326a31a5d153b', '3f69f870a11413ca85ff4858bc26f094', 2, '', ''),
('102f7ef87a534c5289e326a31a5d153b', '40158a9fdaa439463a9243d95e7f04da', 1, '', ''),
('102f7ef87a534c5289e326a31a5d153b', '4268d8a6a9727c83cfe811783a3cc0c3', 2, '', ''),
('102f7ef87a534c5289e326a31a5d153b', '432dd2992a24a3b2af7b2f8d204a6344', 2, '', ''),
('102f7ef87a534c5289e326a31a5d153b', '4554e5ef75c02abf816cb1059ae7d611', 2, '', ''),
('102f7ef87a534c5289e326a31a5d153b', '471ea54e16123647b2d7b74461cf16d3', 1, '', ''),
('102f7ef87a534c5289e326a31a5d153b', '472f62b143a783a2f195af17b4c56750', 1, '', ''),
('102f7ef87a534c5289e326a31a5d153b', '4922be0cc41be996626d1eef3b1d5693', 2, '', ''),
('102f7ef87a534c5289e326a31a5d153b', '49b8c1e3bc7c32189892505edf795050', 1, '', ''),
('102f7ef87a534c5289e326a31a5d153b', '4c9371b0068dc0024204ada77d511097', 1, '', ''),
('102f7ef87a534c5289e326a31a5d153b', '54fd5078a13ebd74924b20d5776adcd3', 1, '', ''),
('102f7ef87a534c5289e326a31a5d153b', '583891cfdf4074142b073e5d1888ca16', 2, '', ''),
('102f7ef87a534c5289e326a31a5d153b', '5a2261672656a0899bf6368d7d13d36f', 2, '', ''),
('102f7ef87a534c5289e326a31a5d153b', '619a2d248bf7c99ecdfa314f1b8c364e', 2, '', ''),
('102f7ef87a534c5289e326a31a5d153b', '633885d272aab4942cf64353a96ec342', 2, '', ''),
('102f7ef87a534c5289e326a31a5d153b', '68273d8b7acca26ee64e7dcac992c12e', 2, '', ''),
('102f7ef87a534c5289e326a31a5d153b', '688333b5686fad1f2bfeb2874c3ea101', 1, '', ''),
('102f7ef87a534c5289e326a31a5d153b', '693845eb673390dc31e30e3b4e6f7c1c', 2, '', ''),
('102f7ef87a534c5289e326a31a5d153b', '6ac02c1009b3b2cfd99c18852c896b7f', 1, '', ''),
('102f7ef87a534c5289e326a31a5d153b', '6bb7d055a319af59cc273f825a8fc39c', 1, '', ''),
('102f7ef87a534c5289e326a31a5d153b', '79c6d4b73f8cc2bf97ab29363e64c46f', 2, '', ''),
('102f7ef87a534c5289e326a31a5d153b', '79d4d7dbbe8caf98234c322da1b5048e', 2, '', ''),
('102f7ef87a534c5289e326a31a5d153b', '7a7c4baa9770523db3f724aafb647ac5', 2, '', ''),
('102f7ef87a534c5289e326a31a5d153b', '83d9b3580a6f7c44d1b6229c9a37b701', 1, '', ''),
('102f7ef87a534c5289e326a31a5d153b', '894678032c949831c04f541e94a314c8', 1, '', ''),
('102f7ef87a534c5289e326a31a5d153b', '968d961d730efe0fc3df13d7e8271062', 2, '', ''),
('102f7ef87a534c5289e326a31a5d153b', '9f9d0859f8c77b4a3d91f1ad9b49a112', 3, '好吧', ''),
('102f7ef87a534c5289e326a31a5d153b', 'a9bbb20a87e6613dabc992aba3c26893', 1, '', ''),
('102f7ef87a534c5289e326a31a5d153b', 'accc9f8807543247e543e7cac608cd42', 1, '', ''),
('102f7ef87a534c5289e326a31a5d153b', 'ace45ce2c136c8d0f2202fc5c5df32e6', 2, '', ''),
('102f7ef87a534c5289e326a31a5d153b', 'ad27cd175e6467b2a5196a3337afcc48', 2, '', ''),
('102f7ef87a534c5289e326a31a5d153b', 'b1f3f47d619a7549e746dbae23d8de0a', 2, '', ''),
('102f7ef87a534c5289e326a31a5d153b', 'b3d0195a938f82f32d8211eabd428ff5', 1, '', ''),
('102f7ef87a534c5289e326a31a5d153b', 'b94535231d9e4cc08eb2e524d2c33905', 2, '', ''),
('102f7ef87a534c5289e326a31a5d153b', 'ba20dbadd631f958e2224ae4990de3d8', 1, '', ''),
('102f7ef87a534c5289e326a31a5d153b', 'bcc56e656ed979fe6ac70d610f8ee9c9', 1, '', ''),
('102f7ef87a534c5289e326a31a5d153b', 'c59f790239fd37c052751dfefc8ac309', 1, '', ''),
('102f7ef87a534c5289e326a31a5d153b', 'cee03ee9987febffe60e667c063b0ee7', 2, '', ''),
('102f7ef87a534c5289e326a31a5d153b', 'd6939972418bed4aa40630396c2dea5d', 1, '', ''),
('102f7ef87a534c5289e326a31a5d153b', 'd84922d3fe910be91759e9128ec8b969', 1, '', ''),
('102f7ef87a534c5289e326a31a5d153b', 'db7cf86bdb783835dfde8b204adee4ea', 2, '', ''),
('102f7ef87a534c5289e326a31a5d153b', 'de2a1f25f25ebebdc2c74cc9101ea9d1', 1, '', ''),
('102f7ef87a534c5289e326a31a5d153b', 'df3d4b9908c36a3de3d564c5d9449cc2', 1, '', ''),
('102f7ef87a534c5289e326a31a5d153b', 'e3ca05e10f32c873e6d45866adbda0fc', 2, '', ''),
('102f7ef87a534c5289e326a31a5d153b', 'e4420f1f23ca5acfe5853d8edc205a82', 2, '', ''),
('102f7ef87a534c5289e326a31a5d153b', 'e977102b9ba9e0ca59adadcafa689449', 1, '', ''),
('102f7ef87a534c5289e326a31a5d153b', 'ea36354a4164c3f5a3a2ecb83b3bf912', 1, '', ''),
('102f7ef87a534c5289e326a31a5d153b', 'ec704b457a57c4f2375314f0a9323c78', 2, '', ''),
('102f7ef87a534c5289e326a31a5d153b', 'f8dcae8db96d77469a0c61c2498ac589', 2, '', ''),
('102f7ef87a534c5289e326a31a5d153b', 'fb79354f83973e8cdcc04cc1ead0cf8c', 2, '', ''),
('102f7ef87a534c5289e326a31a5d153b', 'fe11743f3bc35f17a0119640b8f104d6', 2, '', ''),
('102f7ef87a534c5289e326a31a5d153b', 'ffd5bfb3901bfdfa70c907b4f919eb34', 2, '', ''),
('ea5d0ae3645a6890c79a93c64ceab867', '0d5160715cd66dfa08bf3cf31382682c', 1, '', ''),
('ea5d0ae3645a6890c79a93c64ceab867', '0e497383df09b6fbc519ea922b0cd24b', 1, '', ''),
('ea5d0ae3645a6890c79a93c64ceab867', '1d5ccc4d0d3ea131f8518d1ff4284f09', 1, '', ''),
('ea5d0ae3645a6890c79a93c64ceab867', '31902642e69d3471d764b8b4ab805f8a', 1, '', ''),
('ea5d0ae3645a6890c79a93c64ceab867', '43306607c52838df5706ac8f7b05322d', 1, '', ''),
('ea5d0ae3645a6890c79a93c64ceab867', '5a2261672656a0899bf6368d7d13d36f', 1, '', ''),
('ea5d0ae3645a6890c79a93c64ceab867', '693845eb673390dc31e30e3b4e6f7c1c', 1, '', ''),
('ea5d0ae3645a6890c79a93c64ceab867', '9ad7c57ae3e78a6ab04c7680ff7b9741', 1, '', ''),
('ea5d0ae3645a6890c79a93c64ceab867', 'b1f3f47d619a7549e746dbae23d8de0a', 1, '', ''),
('ea5d0ae3645a6890c79a93c64ceab867', 'd84922d3fe910be91759e9128ec8b969', 1, '', ''),
('ea5d0ae3645a6890c79a93c64ceab867', 'e81098b6dd88eee522df0eaf4400a06d', 1, '', ''),
('ea5d0ae3645a6890c79a93c64ceab867', 'f026d8ffddd27cec8dcf41fc1cda219c', 1, '', '');

-- --------------------------------------------------------

--
-- 表的结构 `user_taskflow`
--

CREATE TABLE IF NOT EXISTS `user_taskflow` (
  `u_id` varchar(32) NOT NULL,
  `tf_id` varchar(32) NOT NULL,
  `role` tinyint(4) DEFAULT '0' COMMENT '用户对于此任务流的角色 1 管理员 0member',
  `category` varchar(16) DEFAULT '默认' COMMENT '分类'
) ENGINE=InnoDB DEFAULT CHARSET=utf8;

--
-- 转存表中的数据 `user_taskflow`
--

INSERT INTO `user_taskflow` (`u_id`, `tf_id`, `role`, `category`) VALUES
('0a4206159794a591b4f03f460306d3ec', '08c84ee74040acaaa72baba28984c48b', 0, '默认'),
('0a4206159794a591b4f03f460306d3ec', '0e7677216ebe4d3573b6578d86c6be41', 0, '默认'),
('0a4206159794a591b4f03f460306d3ec', '2cc4fe13f86efa71327063b6f4c9a4a6', 0, '0'),
('0a4206159794a591b4f03f460306d3ec', '5373f08e5749a68b71f4780e9706472d', 1, '默认'),
('0a4206159794a591b4f03f460306d3ec', '79436bc67bbad46cc2b51a969f287704', 0, '默认'),
('0a4206159794a591b4f03f460306d3ec', '9c51a51edf850a6fc9759bd10354db21', 1, '默认'),
('0a4206159794a591b4f03f460306d3ec', '9e100b6316d5a2aad152c7376c8207ee', 0, '0'),
('0a4206159794a591b4f03f460306d3ec', 'a2efb797bbb590c5cc2d029b67a83e24', 1, '测试图片'),
('0a4206159794a591b4f03f460306d3ec', 'a4f90cd5d592baceca8d84ea39d3ee92', 1, '默认'),
('0a4206159794a591b4f03f460306d3ec', 'c94bcc1221ac03fc95ff58bad2c46969', 0, '默认'),
('0a4206159794a591b4f03f460306d3ec', 'cff15623413e8c0847ae3a99b20c9edf', 1, '默认'),
('0a4206159794a591b4f03f460306d3ec', 'd1376ba90f1a90c02167f06ce3e0fd72', 0, '0'),
('0a4206159794a591b4f03f460306d3ec', 'dc8da7305aa7b5178d36af265c5720a9', 1, '默认分类'),
('0a4206159794a591b4f03f460306d3ec', 'e0d6c6d6b263be6292a0100bd34895f9', 1, '默认分类'),
('0a4206159794a591b4f03f460306d3ec', 'f72d246e66daac8060e1070cb4f036bb', 0, '默认'),
('102f7ef87a534c5289e326a31a5d153b', '0893816ce02b3170ce8a21df17c34966', 1, '默认'),
('102f7ef87a534c5289e326a31a5d153b', '0e7677216ebe4d3573b6578d86c6be41', 1, '默认分类'),
('102f7ef87a534c5289e326a31a5d153b', '0f27214be710a89d9bd61e0f5909dffe', 1, '默认分类'),
('102f7ef87a534c5289e326a31a5d153b', '10ae76a89630e6a5e598c9f2151c0a2c', 0, '0'),
('102f7ef87a534c5289e326a31a5d153b', '2885f66a9af58a56b25e4fa5bf06ce93', 1, '默认分类'),
('102f7ef87a534c5289e326a31a5d153b', '2cc4fe13f86efa71327063b6f4c9a4a6', 0, '0'),
('102f7ef87a534c5289e326a31a5d153b', '30c5b6e0dfbe31045d0087e3bbedaf21', 0, '0'),
('102f7ef87a534c5289e326a31a5d153b', '4658b1ad40b6d88dd848a0c73ea3774f', 1, '彩虹'),
('102f7ef87a534c5289e326a31a5d153b', '5373f08e5749a68b71f4780e9706472d', 0, '默认'),
('102f7ef87a534c5289e326a31a5d153b', '557f950ec0a76d4aac2a0fd74f1c5746', 0, '默认'),
('102f7ef87a534c5289e326a31a5d153b', 'a2efb797bbb590c5cc2d029b67a83e24', 0, '0'),
('102f7ef87a534c5289e326a31a5d153b', 'a4f90cd5d592baceca8d84ea39d3ee92', 0, '默认'),
('102f7ef87a534c5289e326a31a5d153b', 'c94bcc1221ac03fc95ff58bad2c46969', 0, '默认'),
('102f7ef87a534c5289e326a31a5d153b', 'cff15623413e8c0847ae3a99b20c9edf', 0, '默认'),
('102f7ef87a534c5289e326a31a5d153b', 'dc8da7305aa7b5178d36af265c5720a9', 0, '0'),
('102f7ef87a534c5289e326a31a5d153b', 'e3c2ae3f580d83ece18e8ba7474b5380', 0, '默认'),
('102f7ef87a534c5289e326a31a5d153b', 'f20df83010e69beefb165a5e18afa3ca', 0, '0'),
('102f7ef87a534c5289e326a31a5d153b', 'f72d246e66daac8060e1070cb4f036bb', 0, '默认'),
('ea5d0ae3645a6890c79a93c64ceab867', '10ae76a89630e6a5e598c9f2151c0a2c', 1, '测试用'),
('ea5d0ae3645a6890c79a93c64ceab867', '59ec9d409d526b269a76aa5c7b421b70', 1, '默认'),
('ea5d0ae3645a6890c79a93c64ceab867', 'e3c2ae3f580d83ece18e8ba7474b5380', 1, '默认'),
('ea5d0ae3645a6890c79a93c64ceab867', 'f72d246e66daac8060e1070cb4f036bb', 0, '默认'),
('ea5d0ae3645a6890c79a93c64ceab867', 'f9569cd01771abbc4090fb57d78dd18a', 1, '默认分类');

--
-- Indexes for dumped tables
--

--
-- Indexes for table `category`
--
ALTER TABLE `category`
  ADD PRIMARY KEY (`id`),
  ADD KEY `u_id` (`u_id`),
  ADD KEY `tf_id` (`tf_id`);

--
-- Indexes for table `comment`
--
ALTER TABLE `comment`
  ADD PRIMARY KEY (`id`),
  ADD KEY `u_id` (`u_id`),
  ADD KEY `t_id` (`t_id`);

--
-- Indexes for table `image`
--
ALTER TABLE `image`
  ADD PRIMARY KEY (`id`),
  ADD KEY `u_id` (`u_id`),
  ADD KEY `t_id` (`t_id`);

--
-- Indexes for table `message`
--
ALTER TABLE `message`
  ADD PRIMARY KEY (`id`),
  ADD KEY `to_user_id` (`to_user_id`),
  ADD KEY `tf_id` (`tf_id`),
  ADD KEY `t_id` (`t_id`);

--
-- Indexes for table `task`
--
ALTER TABLE `task`
  ADD PRIMARY KEY (`id`),
  ADD KEY `tf_id` (`tf_id`);

--
-- Indexes for table `task_flow`
--
ALTER TABLE `task_flow`
  ADD PRIMARY KEY (`id`),
  ADD KEY `leader_id` (`leader_id`);

--
-- Indexes for table `user`
--
ALTER TABLE `user`
  ADD PRIMARY KEY (`id`);

--
-- Indexes for table `user_task`
--
ALTER TABLE `user_task`
  ADD PRIMARY KEY (`u_id`,`t_id`),
  ADD KEY `t_id` (`t_id`);

--
-- Indexes for table `user_taskflow`
--
ALTER TABLE `user_taskflow`
  ADD PRIMARY KEY (`u_id`,`tf_id`),
  ADD KEY `tf_id` (`tf_id`);

--
-- 限制导出的表
--

--
-- 限制表 `category`
--
ALTER TABLE `category`
  ADD CONSTRAINT `category_ibfk_1` FOREIGN KEY (`u_id`) REFERENCES `user` (`id`) ON DELETE CASCADE ON UPDATE CASCADE,
  ADD CONSTRAINT `category_ibfk_2` FOREIGN KEY (`tf_id`) REFERENCES `task_flow` (`id`);

--
-- 限制表 `comment`
--
ALTER TABLE `comment`
  ADD CONSTRAINT `comment_ibfk_1` FOREIGN KEY (`u_id`) REFERENCES `user` (`id`) ON DELETE CASCADE ON UPDATE CASCADE,
  ADD CONSTRAINT `comment_ibfk_2` FOREIGN KEY (`t_id`) REFERENCES `task` (`id`) ON DELETE CASCADE ON UPDATE CASCADE;

--
-- 限制表 `image`
--
ALTER TABLE `image`
  ADD CONSTRAINT `image_ibfk_1` FOREIGN KEY (`u_id`) REFERENCES `user` (`id`) ON DELETE CASCADE ON UPDATE CASCADE,
  ADD CONSTRAINT `image_ibfk_2` FOREIGN KEY (`t_id`) REFERENCES `task` (`id`) ON DELETE CASCADE ON UPDATE CASCADE;

--
-- 限制表 `message`
--
ALTER TABLE `message`
  ADD CONSTRAINT `message_ibfk_3` FOREIGN KEY (`t_id`) REFERENCES `task` (`id`),
  ADD CONSTRAINT `message_ibfk_1` FOREIGN KEY (`to_user_id`) REFERENCES `user` (`id`) ON DELETE CASCADE ON UPDATE CASCADE,
  ADD CONSTRAINT `message_ibfk_2` FOREIGN KEY (`tf_id`) REFERENCES `task_flow` (`id`);

--
-- 限制表 `task`
--
ALTER TABLE `task`
  ADD CONSTRAINT `task_ibfk_1` FOREIGN KEY (`tf_id`) REFERENCES `task_flow` (`id`) ON DELETE CASCADE ON UPDATE CASCADE;

--
-- 限制表 `task_flow`
--
ALTER TABLE `task_flow`
  ADD CONSTRAINT `task_flow_ibfk_1` FOREIGN KEY (`leader_id`) REFERENCES `user` (`id`);

--
-- 限制表 `user_task`
--
ALTER TABLE `user_task`
  ADD CONSTRAINT `user_task_ibfk_1` FOREIGN KEY (`u_id`) REFERENCES `user` (`id`) ON DELETE CASCADE ON UPDATE CASCADE,
  ADD CONSTRAINT `user_task_ibfk_2` FOREIGN KEY (`t_id`) REFERENCES `task` (`id`);

--
-- 限制表 `user_taskflow`
--
ALTER TABLE `user_taskflow`
  ADD CONSTRAINT `user_taskflow_ibfk_1` FOREIGN KEY (`u_id`) REFERENCES `user` (`id`) ON DELETE CASCADE ON UPDATE CASCADE,
  ADD CONSTRAINT `user_taskflow_ibfk_2` FOREIGN KEY (`tf_id`) REFERENCES `task_flow` (`id`);

DELIMITER $$
--
-- 事件
--
CREATE DEFINER=`root`@`localhost` EVENT `update_tf_status_timer` ON SCHEDULE EVERY 60 SECOND STARTS '2019-04-07 18:58:25' ON COMPLETION PRESERVE ENABLE DO call update_tf_status()$$

CREATE DEFINER=`root`@`localhost` EVENT `update_t_status_timer` ON SCHEDULE EVERY 60 SECOND STARTS '2019-04-07 19:09:48' ON COMPLETION NOT PRESERVE ENABLE DO call update_t_status()$$

DELIMITER ;

/*!40101 SET CHARACTER_SET_CLIENT=@OLD_CHARACTER_SET_CLIENT */;
/*!40101 SET CHARACTER_SET_RESULTS=@OLD_CHARACTER_SET_RESULTS */;
/*!40101 SET COLLATION_CONNECTION=@OLD_COLLATION_CONNECTION */;
